well_number,completed_depth_ft,deepest_logged_depth_ft,interval_count
MORR_0000535,996.0,996.0,2
MORR_0000600,383.0,383.0,10
MORR_0000649,110.0,110.0,6
MORR_0000834,115.0,115.0,6
MORR_0000871,102.0,102.0,4
MORR_0001107,60.0,60.0,5
MORR_0001471,91.0,91.0,4
MORR_0001578,123.0,123.0,6
MORR_0050635,48.0,48.0,3
MORR_0050661,35.0,35.0,1
MORR_0051158,160.0,160.0,5
MORR_0051375,138.0,138.0,4
MORR_0051379,143.0,143.0,9
MORR_0051420,210.0,210.0,8
MORR_0051422,110.0,110.0,3
MORR_0051427,53.0,53.0,2
MORR_0051515,83.0,83.0,1
MORR_0051529,88.0,88.0,2
MORR_0051531,160.0,160.0,8
MORR_0051538,142.0,142.0,5
MORR_0051543,97.0,97.0,1
MORR_0051544,122.0,122.0,6
MORR_0051545,85.0,85.0,1
MORR_0051677,25.0,25.0,2
MORR_0051678,20.0,20.0,2
MORR_0051682,30.0,30.0,1
MORR_0051683,25.0,25.0,1
MORR_0051684,20.0,20.0,1
MORR_0051685,45.0,45.0,1
MORR_0051686,55.0,55.0,3
MORR_0051687,55.0,55.0,3
MORR_0051688,51.0,51.0,2
MORR_0051689,55.0,55.0,3
MORR_0051718,340.0,340.0,8
MORR_0051735,126.0,126.0,8
MORR_0051741,60.0,59.0,4
MORR_0051742,125.0,125.0,7
MORR_0051743,125.0,125.0,7
MORR_0051744,50.0,50.0,2
MORR_0051745,46.0,46.0,2
MORR_0051746,27.0,27.0,2
MORR_0051747,30.0,30.0,2
MORR_0051748,353.0,353.0,6
MORR_0051818,80.0,80.0,3
MORR_0051830,80.0,80.0,4
MORR_0051843,78.0,78.0,4
MORR_0051844,166.0,166.0,11
MORR_0051845,155.0,155.0,5
MORR_0051858,55.0,55.0,1
MORR_0051861,80.0,80.0,3
MORR_0051868,80.0,80.0,4
MORR_0051870,60.0,60.0,4
MORR_0051876,,344.0,5
MORR_0051877,305.0,305.0,12
MORR_0051878,,166.0,1
MORR_0051879,80.0,80.0,3
MORR_0051884,80.0,80.0,4
MORR_0051885,365.0,365.0,12
MORR_0051886,131.0,130.0,13
MORR_0051887,121.0,121.0,8
MORR_0051889,105.0,105.0,7
MORR_0051895,340.0,340.0,5
MORR_0051913,30.0,30.0,2
MORR_0051914,30.0,30.0,2
MORR_0051915,30.0,30.0,2
MORR_0051916,30.0,30.0,2
MORR_0051917,30.0,30.0,2
MORR_0051918,25.0,25.0,2
MORR_0051919,80.0,80.0,4
MORR_0051933,570.0,570.0,13
MORR_0051934,144.0,144.0,7
MORR_0051935,38.0,38.0,3
MORR_0051936,59.0,58.6,4
MORR_0051945,28.0,28.0,2
MORR_0051946,28.0,28.0,2
MORR_0051947,29.0,29.0,2
MORR_0051954,40.0,40.0,3
MORR_0051955,40.0,40.0,3
MORR_0051956,40.0,40.0,3
MORR_0051957,40.0,40.0,3
MORR_0051958,40.0,40.0,3
MORR_0051959,40.0,40.0,3
MORR_0051960,40.0,40.0,3
MORR_0051961,40.0,40.0,3
MORR_0051962,40.0,40.0,3
MORR_0051963,40.0,40.0,3
MORR_0051964,40.0,40.0,1
MORR_0051965,40.0,40.0,1
MORR_0051966,40.0,40.0,1
MORR_0051967,40.0,40.0,1
MORR_0051968,40.0,40.0,1
MORR_0051969,25.0,25.0,1
MORR_0051970,25.0,25.0,1
MORR_0051980,76.0,76.0,2
MORR_0051982,80.0,80.0,3
MORR_0051983,60.0,60.0,3
MORR_0051986,80.0,80.0,4
MORR_0051997,260.0,260.0,7
MORR_0051999,40.0,40.0,1
MORR_0052000,40.0,40.0,1
MORR_0052001,40.0,40.0,1
MORR_0052002,40.0,40.0,1
MORR_0052003,40.0,40.0,1
MORR_0052011,103.0,103.0,5
MORR_0052012,25.0,25.0,1
MORR_0052013,25.0,25.0,1
MORR_0052014,25.0,25.0,1
MORR_0052015,25.0,25.0,1
MORR_0052016,25.0,25.0,1
MORR_0052023,160.0,160.0,9
MORR_0052028,80.0,80.0,4
MORR_0052038,646.0,646.0,8
MORR_0052039,330.0,330.0,1
MORR_0052040,35.0,35.0,3
MORR_0052041,25.0,25.0,2
MORR_0052042,25.0,25.0,2
MORR_0052043,25.0,25.0,2
MORR_0052044,30.0,30.0,3
MORR_0052047,30.0,30.0,1
MORR_0052048,30.0,30.0,1
MORR_0052049,25.0,25.0,1
MORR_0052050,30.0,30.0,1
MORR_0052051,25.0,25.0,1
MORR_0052053,30.0,30.0,1
MORR_0052054,30.0,30.0,1
MORR_0052055,30.0,30.0,1
MORR_0052056,33.0,32.5,2
MORR_0052057,38.0,37.5,2
MORR_0052058,40.0,40.0,1
MORR_0052059,30.0,30.0,1
MORR_0052060,30.0,30.0,1
MORR_0052061,25.0,25.0,1
MORR_0052062,40.0,40.0,1
MORR_0052063,25.0,25.0,1
MORR_0052064,40.0,40.0,1
MORR_0052065,40.0,40.0,1
MORR_0052067,44.0,44.0,1
MORR_0052068,105.0,105.0,8
MORR_0052069,305.0,305.0,14
MORR_0052108,282.0,282.0,5
MORR_0052112,57.0,57.0,4
MORR_0052113,30.0,30.0,2
MORR_0052114,30.0,30.0,2
MORR_0052115,50.0,50.0,4
MORR_0052116,50.0,50.0,4
MORR_0052117,50.0,50.0,4
MORR_0052118,50.0,50.0,4
MORR_0052119,50.0,50.0,4
MORR_0052120,19.0,19.0,3
MORR_0052121,45.0,45.0,5
MORR_0052122,17.0,17.0,3
MORR_0052123,50.0,50.0,4
MORR_0052124,49.0,49.0,4
MORR_0052125,49.0,49.0,4
MORR_0052126,49.0,49.0,4
MORR_0052127,46.0,46.0,4
MORR_0052128,50.0,50.0,4
MORR_0052129,30.0,30.0,2
MORR_0052139,78.0,78.0,7
MORR_0052141,53.0,53.0,4
MORR_0052142,267.0,267.0,5
MORR_0052144,35.0,35.0,2
MORR_0052145,24.0,24.0,2
MORR_0052146,18.0,18.0,2
MORR_0052147,40.0,40.0,1
MORR_0052148,29.0,29.0,2
MORR_0052149,15.0,15.0,3
MORR_0052150,15.0,15.0,3
MORR_0052151,15.0,15.0,3
MORR_0052152,15.0,15.0,3
MORR_0052153,15.0,15.0,3
MORR_0052154,15.0,15.0,3
MORR_0052155,15.0,15.0,3
MORR_0052156,15.0,15.0,3
MORR_0052157,15.0,15.0,1
MORR_0052158,20.0,20.0,3
MORR_0052159,25.0,25.0,1
MORR_0052160,15.0,15.0,2
MORR_0052161,15.0,15.0,2
MORR_0052162,15.0,15.0,2
MORR_0052163,15.0,15.0,2
MORR_0052164,15.0,15.0,2
MORR_0052165,5.0,5.0,1
MORR_0052166,5.0,5.0,1
MORR_0052167,5.0,5.0,1
MORR_0052168,5.0,5.0,1
MORR_0052169,5.0,5.0,1
MORR_0052170,5.0,5.0,1
MORR_0052171,5.0,5.0,1
MORR_0052172,5.0,5.0,1
MORR_0052173,60.0,60.0,3
MORR_0052182,15.0,15.0,2
MORR_0052183,15.0,15.0,2
MORR_0052184,15.0,15.0,2
MORR_0052185,15.0,15.0,2
MORR_0052186,30.0,30.0,2
MORR_0052187,35.0,35.0,2
MORR_0052188,50.0,50.0,2
MORR_0052189,35.0,35.0,2
MORR_0052190,80.0,80.0,1
MORR_0052191,27.0,27.0,1
MORR_0052192,50.0,50.0,1
MORR_0052193,46.0,46.0,1
MORR_0052195,105.0,105.0,8
MORR_0052196,27.0,27.0,2
MORR_0052197,47.0,47.0,6
MORR_0052198,49.0,49.0,2
MORR_0052199,38.0,38.0,2
MORR_0052202,58.0,58.0,3
MORR_0052203,50.0,50.0,3
MORR_0052204,50.0,50.0,3
MORR_0052205,50.0,50.0,3
MORR_0052206,50.0,50.0,3
MORR_0052207,50.0,50.0,3
MORR_0052208,30.0,30.0,1
MORR_0052209,30.0,30.0,1
MORR_0052210,120.0,120.0,6
MORR_0052211,130.0,130.0,1
MORR_0052215,40.0,40.0,1
MORR_0052216,40.0,40.0,1
MORR_0052217,40.0,40.0,1
MORR_0052218,40.0,40.0,1
MORR_0052219,40.0,40.0,1
MORR_0052220,40.0,40.0,1
MORR_0052221,40.0,40.0,1
MORR_0052222,40.0,40.0,1
MORR_0052223,40.0,40.0,1
MORR_0052224,40.0,40.0,1
MORR_0052225,40.0,40.0,1
MORR_0052226,40.0,40.0,1
MORR_0052227,40.0,40.0,1
MORR_0052228,90.0,40.0,1
MORR_0052229,80.0,80.0,2
MORR_0052230,75.0,75.0,2
MORR_0052231,70.0,70.0,3
MORR_0052232,80.0,80.0,1
MORR_0052233,80.0,80.0,2
MORR_0052234,40.0,40.0,1
MORR_0052235,122.0,122.0,5
MORR_0052240,80.0,80.0,3
MORR_0052247,346.0,346.0,13
MORR_0052248,86.0,86.0,1
MORR_0052249,25.0,25.0,1
MORR_0052255,60.0,60.0,3
MORR_0052263,30.0,30.0,2
MORR_0052271,80.0,80.0,1
MORR_0052272,106.0,106.0,6
MORR_0052280,108.0,108.0,10
MORR_0052281,120.0,120.0,10
MORR_0052283,945.0,945.0,48
MORR_0052289,127.0,127.0,9
MORR_0052290,127.0,127.0,10
MORR_0052291,107.0,107.0,9
MORR_0052293,172.0,172.0,6
MORR_0052294,20.0,20.0,1
MORR_0052295,15.0,15.0,1
MORR_0052296,15.0,15.0,1
MORR_0052297,10.0,10.0,1
MORR_0052298,10.0,10.0,1
MORR_0052299,10.0,10.0,1
MORR_0052300,15.0,15.0,1
MORR_0052301,10.0,10.0,1
MORR_0052302,10.0,10.0,1
MORR_0052303,10.0,10.0,1
MORR_0052304,10.0,10.0,1
MORR_0052305,10.0,10.0,1
MORR_0052314,155.0,155.0,11
MORR_0052315,172.0,172.0,1
MORR_0052316,78.0,78.0,4
MORR_0052332,50.0,50.0,1
MORR_0052333,50.0,50.0,1
MORR_0052334,50.0,50.0,1
MORR_0052335,50.0,50.0,1
MORR_0052336,16.0,16.0,2
MORR_0052337,50.0,50.0,2
MORR_0052345,345.0,345.0,8
MORR_0052346,270.0,270.0,10
MORR_0052347,100.0,100.0,4
MORR_0052348,170.0,170.0,4
MORR_0052349,145.0,145.0,5
MORR_0052351,900.0,900.0,18
MORR_0052387,1005.0,1008.0,27
MORR_0052391,300.0,300.0,4
MORR_0052394,282.0,282.0,11
MORR_0052395,275.0,275.0,8
MORR_0052396,348.0,348.0,10
MORR_0052397,137.0,137.0,6
MORR_0052398,343.0,343.0,8
MORR_0052399,345.0,345.0,3
MORR_0052400,112.0,112.0,6
MORR_0052401,,147.0,2
MORR_0052402,101.0,101.0,3
MORR_0052403,93.0,93.0,3
MORR_0052404,101.0,101.0,3
MORR_0052405,96.0,96.0,3
MORR_0052406,101.0,101.0,3
MORR_0052408,168.0,168.0,9
MORR_0052410,105.0,105.0,6
MORR_0052440,141.0,141.0,7
MORR_0052441,26.0,26.0,2
MORR_0052442,127.0,127.0,8
MORR_0052443,148.0,148.0,11
MORR_0052444,109.0,109.0,6
MORR_0052445,287.0,287.0,11
MORR_0052446,108.0,108.0,6
MORR_0052447,268.0,268.0,8
MORR_0052450,126.0,126.0,7
MORR_0052452,138.0,138.0,4
MORR_0052453,768.0,768.0,7
MORR_0052454,107.0,107.0,9
MORR_0052455,101.0,101.0,7
MORR_0052457,77.0,77.0,1
MORR_0052458,443.0,443.0,14
MORR_0052461,265.0,265.0,14
MORR_0052463,102.0,102.0,5
MORR_0052464,87.0,87.0,8
MORR_0052465,127.0,127.0,10
MORR_0052467,188.0,188.0,9
MORR_0052473,120.0,120.0,4
MORR_0052474,78.0,78.0,4
MORR_0052475,87.0,87.0,7
MORR_0052478,119.0,119.0,2
MORR_0052480,90.0,90.0,1
MORR_0052481,,40.0,1
MORR_0052482,,30.0,1
MORR_0052483,,40.0,1
MORR_0052484,,51.0,1
MORR_0052485,30.0,30.0,1
MORR_0052486,48.0,47.5,1
MORR_0052487,165.0,165.0,3
MORR_0052495,125.0,125.0,5
MORR_0052496,35.0,35.0,1
MORR_0052497,30.0,30.0,1
MORR_0052498,25.0,25.0,1
MORR_0052499,30.0,30.0,1
MORR_0052500,27.0,27.0,1
MORR_0052501,23.0,23.0,1
MORR_0052502,35.0,35.0,1
MORR_0052503,117.0,117.0,2
MORR_0052508,73.0,73.0,5
MORR_0052509,127.0,127.0,8
MORR_0052511,290.0,290.0,12
MORR_0052512,101.0,101.0,7
MORR_0052513,167.0,167.0,8
MORR_0052514,40.0,40.0,1
MORR_0052515,67.0,67.0,1
MORR_0052517,30.0,40.0,1
MORR_0052518,30.0,40.0,1
MORR_0052519,30.0,40.0,1
MORR_0052520,30.0,40.0,1
MORR_0052521,30.0,40.0,1
MORR_0052522,30.0,40.0,1
MORR_0052523,30.0,40.0,1
MORR_0052524,30.0,40.0,1
MORR_0052525,30.0,40.0,1
MORR_0052526,30.0,40.0,1
MORR_0052527,30.0,40.0,1
MORR_0052528,30.0,40.0,1
MORR_0052529,30.0,40.0,1
MORR_0052530,167.0,167.0,9
MORR_0052531,100.0,100.0,7
MORR_0052532,69.0,69.0,4
MORR_0052533,60.0,61.0,6
MORR_0052534,,84.0,5
MORR_0052535,,107.0,4
MORR_0052536,58.0,58.0,4
MORR_0052537,108.0,108.0,5
MORR_0052552,78.0,78.0,2
MORR_0052553,408.0,408.0,5
MORR_0052554,98.0,98.0,3
MORR_0052555,0.0,30.0,2
MORR_0052556,0.0,30.0,2
MORR_0052557,81.0,81.0,7
MORR_0052558,99.0,99.0,7
MORR_0052559,200.0,200.0,3
MORR_0052562,637.0,637.0,20
MORR_0052565,95.0,95.0,8
MORR_0052566,283.0,283.0,7
MORR_0052567,25.0,25.0,2
MORR_0052568,25.0,25.0,2
MORR_0052569,25.0,25.0,2
MORR_0052570,25.0,25.0,2
MORR_0052571,25.0,25.0,2
MORR_0052572,25.0,25.0,2
MORR_0052573,25.0,25.0,2
MORR_0052574,25.0,25.0,2
MORR_0052575,118.0,118.0,5
MORR_0052576,327.0,327.0,11
MORR_0052577,85.0,85.0,5
MORR_0052578,140.0,140.0,6
MORR_0052579,127.0,127.0,3
MORR_0052580,107.0,107.0,3
MORR_0052581,124.0,124.0,6
MORR_0052583,87.0,87.0,5
MORR_0052585,121.0,121.0,5
MORR_0052586,27.0,26.5,2
MORR_0052587,27.0,26.5,2
MORR_0052588,27.0,26.5,2
MORR_0052589,27.0,26.5,2
MORR_0052590,27.0,26.5,2
MORR_0052591,27.0,26.5,2
MORR_0052592,51.0,50.5,3
MORR_0052593,41.0,41.0,2
MORR_0052594,52.0,51.5,3
MORR_0052595,32.0,31.5,1
MORR_0052597,196.0,202.0,10
MORR_0052598,303.0,303.0,14
MORR_0052600,300.0,300.0,5
MORR_0052603,40.0,40.0,1
MORR_0052604,98.0,98.0,4
MORR_0052605,98.0,98.0,4
MORR_0052607,25.0,25.0,1
MORR_0052608,65.0,65.0,1
MORR_0052609,63.0,63.0,1
MORR_0052610,65.0,65.0,2
MORR_0052630,87.0,95.0,3
MORR_0052631,88.0,95.0,3
MORR_0052633,25.0,25.0,1
MORR_0052634,50.0,50.0,1
MORR_0052635,30.0,30.0,1
MORR_0052636,50.0,50.0,1
MORR_0052638,1303.0,1157.5,80
MORR_0052640,25.0,25.0,2
MORR_0052641,40.0,40.0,2
MORR_0052642,25.0,40.0,2
MORR_0052643,40.0,40.0,2
MORR_0052644,25.0,25.0,2
MORR_0052645,25.0,25.0,2
MORR_0052646,40.0,40.0,2
MORR_0052647,40.0,25.0,2
MORR_0052648,40.0,40.0,2
MORR_0052649,40.0,25.0,2
MORR_0052650,40.0,25.0,2
MORR_0052651,40.0,25.0,2
MORR_0052652,40.0,40.0,2
MORR_0052653,40.0,40.0,2
MORR_0052654,25.0,25.0,1
MORR_0052655,25.0,25.0,1
MORR_0052656,25.0,25.0,1
MORR_0052657,25.0,25.0,1
MORR_0052658,25.0,25.0,1
MORR_0052659,25.0,25.0,1
MORR_0052660,25.0,25.0,1
MORR_0052661,25.0,25.0,1
MORR_0052662,25.0,25.0,1
MORR_0052663,25.0,25.0,1
MORR_0052664,25.0,25.0,1
MORR_0052665,25.0,25.0,1
MORR_0052666,25.0,25.0,1
MORR_0052667,25.0,25.0,1
MORR_0052668,25.0,25.0,1
MORR_0052669,25.0,25.0,1
MORR_0052672,20.0,20.0,2
MORR_0052676,248.0,248.0,9
MORR_0052677,300.0,300.0,8
MORR_0052678,300.0,300.0,8
MORR_0052679,248.0,248.0,7
MORR_0052681,35.0,35.0,3
MORR_0052682,35.0,35.0,3
MORR_0052683,35.0,35.0,3
MORR_0052684,35.0,35.0,3
MORR_0052685,35.0,35.0,3
MORR_0052686,35.0,35.0,3
MORR_0052687,35.0,35.0,3
MORR_0052688,35.0,35.0,3
MORR_0052689,35.0,35.0,3
MORR_0052690,35.0,35.0,3
MORR_0052691,35.0,35.0,3
MORR_0052692,35.0,35.0,3
MORR_0052693,35.0,35.0,3
MORR_0052694,35.0,35.0,3
MORR_0052695,35.0,35.0,3
MORR_0052696,35.0,35.0,3
MORR_0052697,35.0,35.0,3
MORR_0052698,35.0,35.0,3
MORR_0052699,35.0,35.0,3
MORR_0052700,35.0,35.0,3
MORR_0052701,35.0,35.0,3
MORR_0052702,35.0,35.0,3
MORR_0052703,35.0,35.0,3
MORR_0052704,35.0,35.0,3
MORR_0052705,35.0,35.0,3
MORR_0052706,35.0,35.0,3
MORR_0052707,35.0,35.0,3
MORR_0052708,35.0,35.0,3
MORR_0052709,56.0,56.0,3
MORR_0052710,48.0,47.5,1
MORR_0052711,404.0,404.0,13
MORR_0052712,189.0,189.0,8
MORR_0052713,25.0,24.5,3
MORR_0052714,38.0,37.5,2
MORR_0052715,35.0,35.0,3
MORR_0052716,35.0,35.0,3
MORR_0052717,35.0,35.0,3
MORR_0052718,186.0,186.0,8
MORR_0052722,35.0,35.0,3
MORR_0052723,35.0,35.0,3
MORR_0052724,35.0,35.0,3
MORR_0052725,35.0,35.0,3
MORR_0052726,35.0,35.0,3
MORR_0052727,35.0,35.0,3
MORR_0052728,35.0,35.0,3
MORR_0052729,35.0,35.0,3
MORR_0052730,35.0,35.0,3
MORR_0052731,35.0,35.0,3
MORR_0052732,35.0,35.0,3
MORR_0052733,45.0,45.0,3
MORR_0052734,45.0,45.0,3
MORR_0052735,1570.0,1632.0,15
MORR_0052736,50.0,50.0,4
MORR_0052737,50.0,50.0,4
MORR_0052738,35.0,35.0,3
MORR_0052739,35.0,35.0,3
MORR_0052740,35.0,35.0,3
MORR_0052741,35.0,35.0,3
MORR_0052742,35.0,35.0,3
MORR_0052743,35.0,35.0,3
MORR_0052744,35.0,35.0,3
MORR_0052745,35.0,35.0,3
MORR_0052746,35.0,35.0,3
MORR_0052747,35.0,35.0,3
MORR_0052748,35.0,35.0,3
MORR_0052749,35.0,35.0,3
MORR_0052750,35.0,35.0,3
MORR_0052751,35.0,35.0,3
MORR_0052752,726.0,726.0,19
MORR_0052755,20.0,20.0,1
MORR_0052756,25.0,25.0,1
MORR_0052757,30.0,30.0,1
MORR_0052758,25.0,25.0,1
MORR_0052759,23.0,22.5,1
MORR_0052760,25.0,25.0,1
MORR_0052761,25.0,25.0,1
MORR_0052762,20.0,20.0,1
MORR_0052763,75.0,75.0,1
MORR_0052764,702.0,704.0,38
MORR_0052765,20.0,20.0,1
MORR_0052766,30.0,30.0,1
MORR_0052767,30.0,30.0,1
MORR_0052768,25.0,25.0,1
MORR_0052769,25.0,25.0,1
MORR_0052770,25.0,25.0,1
MORR_0052771,25.0,25.0,1
MORR_0052772,25.0,25.0,1
MORR_0052773,25.0,25.0,1
MORR_0052774,25.0,25.0,1
MORR_0052775,25.0,25.0,1
MORR_0052776,25.0,25.0,1
MORR_0052777,25.0,25.0,1
MORR_0052778,25.0,25.0,1
MORR_0052779,25.0,25.0,1
MORR_0052780,25.0,25.0,1
MORR_0052781,25.0,25.0,1
MORR_0052782,25.0,25.0,1
MORR_0052784,306.0,306.0,6
MORR_0052790,521.0,521.0,10
MORR_0052791,63.0,70.0,1
MORR_0052792,70.0,70.0,1
MORR_0052793,65.0,70.0,2
MORR_0052794,63.0,63.0,1
MORR_0052797,20.0,20.0,2
MORR_0052798,20.0,20.0,2
MORR_0052799,18.0,18.0,2
MORR_0052800,18.0,17.5,2
MORR_0052806,20.0,20.0,2
MORR_0052807,19.0,19.0,2
MORR_0052808,23.0,22.5,1
MORR_0052809,20.0,20.0,2
MORR_0052810,60.0,60.0,1
MORR_0052811,23.0,22.5,1
MORR_0052812,18.0,17.5,2
MORR_0052813,23.0,22.5,1
MORR_0052814,82.0,82.0,6
MORR_0052817,697.0,702.0,25
MORR_0052818,192.0,192.0,6
MORR_0052819,121.0,121.0,6
MORR_0052820,120.0,120.0,1
MORR_0052822,244.0,244.0,4
MORR_0052884,107.0,107.0,9
MORR_0052885,107.0,107.0,13
MORR_0052886,112.0,113.0,7
MORR_0052887,481.0,481.0,18
MORR_0052888,100.0,100.0,4
MORR_0052889,,69.0,2
MORR_0052899,40.0,40.0,1
MORR_0052902,52.0,51.5,3
MORR_0052903,40.0,40.0,2
MORR_0052904,20.0,20.0,1
MORR_0052905,31.0,31.0,2
MORR_0052906,35.0,35.0,3
MORR_0052907,35.0,35.0,3
MORR_0052909,35.0,35.0,2
MORR_0052910,35.0,35.0,3
MORR_0052911,94.0,94.0,10
MORR_0052912,181.0,181.0,4
MORR_0052913,217.0,217.0,11
MORR_0052914,378.0,378.0,10
MORR_0052915,25.0,25.0,1
MORR_0052925,21.0,20.5,2
MORR_0052926,25.0,25.0,2
MORR_0052927,15.0,20.0,2
MORR_0052928,20.0,20.0,2
MORR_0052929,20.0,20.0,2
MORR_0052931,20.0,20.0,2
MORR_0052932,24.0,24.0,2
MORR_0052933,19.0,19.0,2
MORR_0052934,19.0,19.0,2
MORR_0052935,20.0,20.0,2
MORR_0052936,20.0,20.0,2
MORR_0052937,19.0,19.0,2
MORR_0052938,25.0,25.0,2
MORR_0052941,30.0,30.0,2
MORR_0052942,25.0,25.0,2
MORR_0052943,30.0,30.0,2
MORR_0052944,25.0,25.0,1
MORR_0052945,25.0,25.0,1
MORR_0052946,308.0,308.0,15
MORR_0052947,300.0,300.0,14
MORR_0052948,308.0,308.0,14
MORR_0052949,308.0,308.0,15
MORR_0052950,35.0,35.0,1
MORR_0052951,35.0,35.0,1
MORR_0052952,35.0,35.0,1
MORR_0052953,35.0,35.0,1
MORR_0052955,202.0,202.0,12
MORR_0052956,80.0,80.0,7
MORR_0052965,18.0,18.0,1
MORR_0052966,20.0,18.0,1
MORR_0052967,19.0,19.0,1
MORR_0052968,22.0,22.0,1
MORR_0052969,25.0,25.0,1
MORR_0052970,399.0,399.0,30
MORR_0052971,365.0,586.0,16
MORR_0052979,297.0,297.0,13
MORR_0052980,30.0,30.0,2
MORR_0052981,30.0,30.0,2
MORR_0052982,30.0,30.0,2
MORR_0052983,30.0,30.0,2
MORR_0052984,30.0,30.0,2
MORR_0052986,282.0,282.0,7
MORR_0052987,40.0,40.0,1
MORR_0052988,80.0,80.0,1
MORR_0052989,40.0,40.0,1
MORR_0052990,30.0,30.0,1
MORR_0052991,22.0,22.0,2
MORR_0052993,313.0,313.0,9
MORR_0052994,25.0,25.0,1
MORR_0052995,25.0,25.0,1
MORR_0052996,25.0,25.0,1
MORR_0052997,35.0,35.0,1
MORR_0052998,35.0,35.0,1
MORR_0052999,35.0,35.0,1
MORR_0053000,35.0,35.0,1
MORR_0053001,35.0,35.0,1
MORR_0053002,35.0,35.0,1
MORR_0053003,35.0,35.0,1
MORR_0053004,25.0,25.0,1
MORR_0053005,25.0,25.0,1
MORR_0053006,35.0,35.0,1
MORR_0053007,35.0,35.0,1
MORR_0053008,35.0,35.0,1
MORR_0053009,25.0,25.0,1
MORR_0053010,25.0,25.0,1
MORR_0053011,25.0,25.0,1
MORR_0053012,25.0,25.0,1
MORR_0053013,25.0,25.0,1
MORR_0053014,25.0,25.0,1
MORR_0053015,35.0,35.0,1
MORR_0053016,35.0,35.0,1
MORR_0053017,35.0,35.0,1
MORR_0053018,25.0,25.0,1
MORR_0053019,540.0,540.0,26
MORR_0053021,19.0,18.5,2
MORR_0053022,30.0,30.0,2
MORR_0053023,20.0,20.0,2
MORR_0053024,18.0,18.0,2
MORR_0053025,18.0,17.5,2
MORR_0053026,20.0,20.0,2
MORR_0053027,18.0,18.0,2
MORR_0053028,20.0,20.0,2
MORR_0053029,164.0,166.0,5
MORR_0053030,90.0,90.0,2
MORR_0053031,118.0,120.0,3
MORR_0053037,107.0,107.0,4
MORR_0053038,1441.0,1443.0,48
MORR_0053039,30.0,30.0,2
MORR_0053040,30.0,30.0,3
MORR_0053041,30.0,30.0,2
MORR_0053042,30.0,30.0,2
MORR_0053043,30.0,30.0,2
MORR_0053044,30.0,30.0,2
MORR_0053046,80.0,80.0,1
MORR_0053047,61.0,61.0,1
MORR_0053048,,123.0,1
MORR_0053050,58.0,58.0,2
MORR_0053051,19.0,19.0,3
MORR_0053052,21.0,21.0,3
MORR_0053053,26.0,25.5,3
MORR_0053055,285.0,285.0,5
MORR_0053056,320.0,320.0,5
MORR_0053058,100.0,100.0,17
MORR_0053061,30.0,30.0,1
MORR_0053062,30.0,30.0,1
MORR_0053063,30.0,30.0,1
MORR_0053064,30.0,30.0,1
MORR_0053065,30.0,30.0,1
MORR_0053066,30.0,30.0,1
MORR_0053067,30.0,30.0,1
MORR_0053068,30.0,30.0,1
MORR_0053069,30.0,30.0,1
MORR_0053070,30.0,30.0,1
MORR_0053071,30.0,30.0,1
MORR_0053072,30.0,30.0,1
MORR_0053073,30.0,30.0,1
MORR_0053074,30.0,30.0,1
MORR_0053075,30.0,30.0,1
MORR_0053076,30.0,30.0,1
MORR_0053077,30.0,30.0,1
MORR_0053078,30.0,30.0,1
MORR_0053079,30.0,30.0,1
MORR_0053080,30.0,30.0,1
MORR_0053081,30.0,30.0,1
MORR_0053082,30.0,30.0,1
MORR_0053083,30.0,30.0,1
MORR_0053084,30.0,30.0,1
MORR_0053085,30.0,30.0,1
MORR_0053086,30.0,30.0,1
MORR_0053087,30.0,30.0,1
MORR_0053088,30.0,30.0,2
MORR_0053089,30.0,30.0,1
MORR_0053090,30.0,30.0,1
MORR_0053091,441.0,441.0,12
MORR_0053093,261.0,261.0,13
MORR_0053098,581.0,581.0,21
MORR_0053099,98.0,98.0,3
MORR_0053100,78.0,78.0,3
MORR_0053106,300.0,300.0,10
MORR_0053107,300.0,300.0,15
MORR_0053108,300.0,300.0,15
MORR_0053109,300.0,300.0,16
MORR_0053111,40.0,40.0,2
MORR_0053112,40.0,40.0,2
MORR_0053113,40.0,40.0,2
MORR_0053114,40.0,40.0,2
MORR_0053115,40.0,40.0,1
MORR_0053116,40.0,40.0,1
MORR_0053117,40.0,40.0,1
MORR_0053118,40.0,40.0,1
MORR_0053119,40.0,40.0,1
MORR_0053120,40.0,40.0,1
MORR_0053121,10.0,10.0,1
MORR_0053122,10.0,10.0,1
MORR_0053123,40.0,40.0,1
MORR_0053124,40.0,40.0,1
MORR_0053125,40.0,40.0,1
MORR_0053126,40.0,40.0,1
MORR_0053127,40.0,40.0,1
MORR_0053128,40.0,40.0,1
MORR_0053129,40.0,40.0,1
MORR_0053130,40.0,40.0,1
MORR_0053131,10.0,10.0,1
MORR_0053132,10.0,10.0,1
MORR_0053133,40.0,40.0,1
MORR_0053134,40.0,40.0,1
MORR_0053135,40.0,40.0,1
MORR_0053136,40.0,40.0,1
MORR_0053137,40.0,40.0,1
MORR_0053138,10.0,10.0,1
MORR_0053139,40.0,40.0,1
MORR_0053140,40.0,40.0,1
MORR_0053141,40.0,40.0,1
MORR_0053142,40.0,40.0,1
MORR_0053143,40.0,40.0,1
MORR_0053144,40.0,40.0,1
MORR_0053145,10.0,10.0,1
MORR_0053146,10.0,10.0,1
MORR_0053147,40.0,40.0,1
MORR_0053167,25.0,25.0,2
MORR_0053168,30.0,30.0,2
MORR_0053169,45.0,45.0,3
MORR_0053170,25.0,25.0,2
MORR_0053171,45.0,45.0,3
MORR_0053172,82.0,82.0,6
MORR_0053173,26.0,26.0,2
MORR_0053209,108.0,108.0,7
MORR_0053210,67.0,67.1,4
MORR_0053211,55.0,55.1,4
MORR_0053212,,110.0,10
MORR_0053213,82.0,82.3,9
MORR_0053214,83.0,83.2,5
MORR_0053215,87.0,87.0,7
MORR_0053216,76.0,76.0,5
MORR_0053217,50.0,50.0,4
MORR_0053218,165.0,165.0,9
MORR_0053219,581.0,581.0,18
MORR_0053220,210.0,210.0,5
MORR_0053221,329.0,329.0,7
MORR_0053222,309.0,309.0,13
MORR_0053223,197.0,197.0,7
MORR_0053225,190.0,190.0,5
MORR_0053226,120.0,120.0,5
MORR_0053227,80.0,80.0,4
MORR_0053228,80.0,80.0,4
MORR_0053229,120.0,120.0,6
MORR_0053230,120.0,120.0,4
MORR_0053231,120.0,120.0,4
MORR_0053232,120.0,120.0,4
MORR_0053234,77.0,77.0,4
MORR_0053235,78.0,78.0,4
MORR_0053236,,46.0,1
MORR_0053237,221.0,221.0,5
MORR_0053240,410.0,410.0,2
MORR_0053241,40.0,40.0,2
MORR_0053242,40.0,40.0,2
MORR_0053243,40.0,40.0,2
MORR_0053244,40.0,40.0,2
MORR_0053245,40.0,7.0,1
MORR_0053246,40.0,40.0,2
MORR_0053247,40.0,40.0,2
MORR_0053248,40.0,40.0,2
MORR_0053249,296.0,296.0,18
MORR_0053250,186.0,186.0,6
MORR_0053253,325.0,325.0,17
MORR_0053268,141.0,141.0,7
UMAT_0000438,22.0,22.0,2
UMAT_0000440,554.0,554.0,19
UMAT_0000442,886.0,886.0,9
UMAT_0000443,799.0,799.0,27
UMAT_0000445,525.0,525.0,17
UMAT_0000448,33.0,33.0,5
UMAT_0000449,350.0,350.0,12
UMAT_0000450,959.0,959.0,52
UMAT_0000456,280.0,280.0,8
UMAT_0000462,932.0,932.0,25
UMAT_0000465,598.0,598.0,25
UMAT_0000471,146.0,146.0,10
UMAT_0000472,155.0,155.0,9
UMAT_0000474,702.0,702.0,9
UMAT_0001166,591.0,591.0,23
UMAT_0001170,145.0,145.0,7
UMAT_0001172,67.0,67.0,7
UMAT_0001173,135.0,135.0,13
UMAT_0001178,35.0,35.0,3
UMAT_0001179,96.0,96.0,4
UMAT_0001184,630.0,630.0,12
UMAT_0001187,437.0,437.0,11
UMAT_0001188,216.0,216.0,8
UMAT_0001189,250.0,250.0,6
UMAT_0001197,83.0,83.0,4
UMAT_0001201,112.0,112.0,8
UMAT_0001205,875.0,875.0,24
UMAT_0001207,315.0,315.0,24
UMAT_0001220,636.0,636.0,24
UMAT_0001222,529.0,529.0,14
UMAT_0001541,100.0,100.0,6
UMAT_0001542,97.0,97.0,8
UMAT_0001543,325.0,360.0,27
UMAT_0001544,327.0,327.0,21
UMAT_0001558,145.0,145.0,11
UMAT_0001561,108.0,108.0,3
UMAT_0001562,280.0,280.0,2
UMAT_0001563,496.0,496.0,3
UMAT_0001571,114.0,114.0,4
UMAT_0001572,140.0,140.0,4
UMAT_0001577,97.0,97.0,6
UMAT_0001581,185.0,185.0,10
UMAT_0001582,121.0,121.0,9
UMAT_0001583,97.0,97.0,7
UMAT_0001584,812.0,812.0,21
UMAT_0001704,70.0,70.0,4
UMAT_0001705,67.0,67.0,3
UMAT_0001706,59.0,59.0,4
UMAT_0001707,57.0,57.0,4
UMAT_0001708,101.0,101.0,2
UMAT_0001709,50.0,50.0,4
UMAT_0001710,51.0,51.0,3
UMAT_0001712,71.0,71.0,3
UMAT_0001740,105.0,105.0,4
UMAT_0001741,50.0,50.0,4
UMAT_0001742,64.0,64.0,6
UMAT_0001743,38.0,38.0,4
UMAT_0001744,46.0,46.0,3
UMAT_0001745,51.0,51.0,3
UMAT_0001746,27.0,27.0,2
UMAT_0001747,27.0,27.0,3
UMAT_0001748,27.0,27.0,2
UMAT_0001749,120.0,120.0,3
UMAT_0001750,105.0,105.0,3
UMAT_0001787,110.0,110.0,4
UMAT_0001788,43.0,43.0,4
UMAT_0001789,82.0,82.0,6
UMAT_0001790,55.0,55.0,5
UMAT_0001791,75.0,75.0,4
UMAT_0001792,81.0,81.0,6
UMAT_0001793,160.0,160.0,7
UMAT_0001794,51.0,51.0,4
UMAT_0001795,51.0,51.0,3
UMAT_0001796,46.0,46.0,4
UMAT_0001797,50.0,50.0,4
UMAT_0001798,93.0,93.0,4
UMAT_0001799,56.0,56.0,4
UMAT_0001800,98.0,98.0,3
UMAT_0001801,103.0,103.0,7
UMAT_0001802,112.0,112.0,3
UMAT_0001803,87.0,87.0,5
UMAT_0001804,116.0,116.0,5
UMAT_0001805,160.0,160.0,2
UMAT_0001831,50.0,50.0,6
UMAT_0001832,65.0,65.0,7
UMAT_0001833,162.0,162.0,5
UMAT_0001834,63.0,63.0,5
UMAT_0001835,58.0,60.0,4
UMAT_0001836,60.0,60.0,4
UMAT_0001851,54.0,54.0,6
UMAT_0001852,85.0,85.0,5
UMAT_0001862,130.0,130.0,8
UMAT_0001882,100.0,100.0,6
UMAT_0001883,74.0,74.0,5
UMAT_0001884,61.0,61.0,5
UMAT_0001885,72.0,72.0,6
UMAT_0001962,241.0,241.0,5
UMAT_0001963,103.0,103.0,5
UMAT_0001964,101.0,101.0,8
UMAT_0001965,86.0,86.0,6
UMAT_0001966,90.0,90.0,5
UMAT_0001967,84.0,84.0,4
UMAT_0001968,105.0,105.0,6
UMAT_0001969,100.0,100.0,7
UMAT_0001970,250.0,250.0,6
UMAT_0001971,225.0,225.0,8
UMAT_0001994,80.0,80.0,6
UMAT_0001996,91.0,91.0,8
UMAT_0001997,100.0,100.0,10
UMAT_0001998,65.0,65.0,4
UMAT_0002000,29.0,29.0,5
UMAT_0002001,122.0,122.0,5
UMAT_0002002,78.0,78.0,7
UMAT_0002003,100.0,100.0,8
UMAT_0002004,56.0,56.0,8
UMAT_0002005,106.0,106.0,17
UMAT_0002037,48.0,48.0,4
UMAT_0002038,50.0,50.0,4
UMAT_0002039,42.0,42.0,3
UMAT_0002040,77.0,78.0,7
UMAT_0002041,207.0,207.0,11
UMAT_0002042,105.0,105.0,5
UMAT_0002043,71.0,71.0,6
UMAT_0002044,60.0,60.0,3
UMAT_0002045,597.0,597.0,20
UMAT_0002046,60.0,60.0,4
UMAT_0002047,35.0,35.0,4
UMAT_0002062,30.0,30.0,3
UMAT_0002063,32.0,32.0,5
UMAT_0002064,46.0,46.0,5
UMAT_0002065,138.0,138.0,6
UMAT_0002066,92.0,92.0,9
UMAT_0002067,110.0,110.0,7
UMAT_0002068,56.0,56.0,5
UMAT_0002069,50.0,50.0,5
UMAT_0002070,32.0,32.0,6
UMAT_0002071,36.0,36.0,7
UMAT_0002072,49.0,49.0,5
UMAT_0002074,510.0,510.0,6
UMAT_0002108,72.0,72.0,7
UMAT_0002109,74.0,74.0,7
UMAT_0002110,72.0,72.0,7
UMAT_0002111,77.0,77.0,7
UMAT_0002112,74.0,74.0,6
UMAT_0002113,75.0,75.0,6
UMAT_0002114,81.0,81.0,5
UMAT_0002115,104.0,104.0,7
UMAT_0002116,47.0,47.0,5
UMAT_0002117,65.0,65.0,4
UMAT_0002118,51.0,51.0,4
UMAT_0002119,91.0,91.0,6
UMAT_0002120,52.0,52.0,4
UMAT_0002121,80.0,80.0,6
UMAT_0002122,83.0,83.0,6
UMAT_0002123,59.0,59.0,5
UMAT_0002124,78.0,78.0,6
UMAT_0002125,56.0,56.0,4
UMAT_0002126,42.0,42.0,4
UMAT_0002127,71.0,71.0,5
UMAT_0002128,78.0,78.0,4
UMAT_0002129,57.0,57.0,4
UMAT_0002146,95.0,95.0,4
UMAT_0002147,91.0,91.0,4
UMAT_0002177,200.0,200.0,8
UMAT_0002178,63.0,63.0,5
UMAT_0002179,65.0,65.0,4
UMAT_0002180,91.0,91.0,4
UMAT_0002181,67.0,67.0,7
UMAT_0002182,58.0,58.0,4
UMAT_0002183,56.0,56.0,4
UMAT_0002184,130.0,130.0,5
UMAT_0002185,65.0,65.0,3
UMAT_0002263,91.0,91.0,6
UMAT_0002264,68.0,68.0,6
UMAT_0002265,68.0,68.0,7
UMAT_0002266,71.0,71.0,6
UMAT_0002267,80.0,80.0,7
UMAT_0002268,68.0,68.0,5
UMAT_0002269,44.0,44.0,5
UMAT_0002270,32.0,32.0,4
UMAT_0002271,124.0,124.0,7
UMAT_0002272,68.0,68.0,7
UMAT_0002273,68.0,68.0,6
UMAT_0002274,68.0,68.0,6
UMAT_0002275,97.0,97.0,6
UMAT_0002276,50.0,50.0,5
UMAT_0002277,81.0,81.0,6
UMAT_0002302,47.0,47.0,6
UMAT_0002307,53.0,53.0,4
UMAT_0002308,127.0,127.0,6
UMAT_0002309,97.0,97.0,6
UMAT_0002310,147.0,147.0,7
UMAT_0002311,76.0,76.0,4
UMAT_0002346,104.0,104.0,4
UMAT_0002356,131.0,131.0,7
UMAT_0002357,240.0,240.0,3
UMAT_0002358,114.0,114.0,7
UMAT_0002359,182.0,182.0,9
UMAT_0002361,45.0,45.0,5
UMAT_0002362,110.0,110.0,5
UMAT_0002374,93.0,93.0,7
UMAT_0002381,66.0,66.0,4
UMAT_0002383,75.0,75.0,5
UMAT_0002387,463.0,463.0,6
UMAT_0002388,323.0,323.0,10
UMAT_0002412,225.0,225.0,7
UMAT_0002428,68.0,68.0,8
UMAT_0002429,70.0,70.0,5
UMAT_0002430,80.0,80.0,5
UMAT_0002431,40.0,40.0,3
UMAT_0002432,145.0,145.0,5
UMAT_0002475,62.0,62.0,5
UMAT_0002476,347.0,347.0,15
UMAT_0002478,85.0,85.0,4
UMAT_0002479,56.0,56.0,5
UMAT_0002480,135.0,135.0,7
UMAT_0002481,65.0,65.0,4
UMAT_0002482,63.0,63.0,5
UMAT_0002483,102.0,102.0,8
UMAT_0002484,51.0,51.0,6
UMAT_0002485,71.0,71.0,5
UMAT_0002486,74.0,74.0,5
UMAT_0002487,70.0,70.0,2
UMAT_0002488,59.0,59.0,4
UMAT_0002489,407.0,407.0,11
UMAT_0002490,70.0,70.0,4
UMAT_0002491,122.0,122.0,7
UMAT_0002492,73.0,72.0,4
UMAT_0002493,106.0,106.0,5
UMAT_0002501,170.0,170.0,7
UMAT_0002502,200.0,200.0,3
UMAT_0002528,247.0,247.0,10
UMAT_0002595,128.0,128.0,2
UMAT_0002596,200.0,200.0,3
UMAT_0002603,721.0,721.0,14
UMAT_0002614,200.0,200.0,13
UMAT_0002623,98.0,98.0,7
UMAT_0002624,112.0,112.0,10
UMAT_0002625,62.0,62.0,5
UMAT_0002626,100.0,100.0,4
UMAT_0002627,105.0,105.0,5
UMAT_0002628,94.0,94.0,4
UMAT_0002629,63.0,63.0,4
UMAT_0002630,58.0,58.0,4
UMAT_0002631,42.0,42.0,2
UMAT_0002642,80.0,80.0,5
UMAT_0003290,90.0,90.0,5
UMAT_0003291,87.0,87.0,3
UMAT_0003292,77.0,77.0,4
UMAT_0003293,140.0,140.0,4
UMAT_0003294,87.0,87.0,3
UMAT_0003295,97.0,97.0,6
UMAT_0003296,85.0,85.0,5
UMAT_0003299,250.0,250.0,9
UMAT_0003315,274.0,274.0,13
UMAT_0003331,80.0,80.0,7
UMAT_0003343,850.0,850.0,50
UMAT_0003353,106.0,106.0,4
UMAT_0003355,381.0,381.0,7
UMAT_0003356,74.0,74.0,5
UMAT_0003357,86.0,86.0,4
UMAT_0003362,270.0,270.0,8
UMAT_0003364,200.0,200.0,4
UMAT_0003374,60.0,60.0,2
UMAT_0003376,225.0,225.0,8
UMAT_0003389,193.0,193.0,6
UMAT_0003399,92.0,92.0,10
UMAT_0003400,170.0,170.0,4
UMAT_0003405,69.0,69.0,3
UMAT_0003428,69.0,69.0,4
UMAT_0003439,300.0,300.0,10
UMAT_0003445,272.0,272.0,6
UMAT_0003446,279.0,279.0,11
UMAT_0003466,50.0,50.0,4
UMAT_0003467,154.0,154.0,8
UMAT_0003514,200.0,200.0,5
UMAT_0003515,250.0,250.0,7
UMAT_0003516,80.0,80.0,7
UMAT_0003517,225.0,225.0,1
UMAT_0003518,62.0,62.0,2
UMAT_0003547,210.0,210.0,12
UMAT_0003594,184.0,184.0,8
UMAT_0003595,160.0,160.0,3
UMAT_0003596,88.0,88.0,4
UMAT_0003597,177.0,177.0,4
UMAT_0003598,340.0,340.0,11
UMAT_0003599,99.0,99.0,5
UMAT_0003600,254.0,254.0,3
UMAT_0003601,159.0,159.0,5
UMAT_0003620,207.0,207.0,9
UMAT_0003651,152.0,152.0,6
UMAT_0005355,160.0,160.0,2
UMAT_0005416,210.0,210.0,6
UMAT_0005418,110.0,110.0,8
UMAT_0005422,255.0,255.0,8
UMAT_0005430,693.0,693.0,5
UMAT_0005857,111.0,111.0,8
UMAT_0005858,214.0,213.5,7
UMAT_0005979,230.0,230.0,10
UMAT_0005980,260.0,260.0,11
UMAT_0005982,240.0,240.0,7
UMAT_0005987,400.0,400.0,5
UMAT_0005988,444.0,444.0,12
UMAT_0005990,250.0,250.0,9
UMAT_0005991,456.0,456.0,11
UMAT_0006002,323.0,323.0,14
UMAT_0006009,330.0,330.0,6
UMAT_0006010,1700.0,1700.0,16
UMAT_0006018,1055.0,1055.0,26
UMAT_0006029,283.0,283.0,14
UMAT_0006030,183.0,183.0,6
UMAT_0006031,265.0,265.0,5
UMAT_0006034,250.0,250.0,9
UMAT_0006036,330.0,330.0,10
UMAT_0006037,38.0,38.0,3
UMAT_0006038,425.0,425.0,8
UMAT_0006041,275.0,275.0,4
UMAT_0006042,225.0,225.0,7
UMAT_0006043,225.0,225.0,6
UMAT_0006044,230.0,230.0,6
UMAT_0006045,245.0,245.0,10
UMAT_0006054,123.0,122.0,7
UMAT_0006056,283.0,283.0,10
UMAT_0006065,515.0,515.0,8
UMAT_0006083,185.0,185.0,5
UMAT_0006084,383.0,383.0,13
UMAT_0006096,,136.0,3
UMAT_0006117,40.0,40.0,4
UMAT_0006119,120.0,120.0,5
UMAT_0006120,67.0,67.0,5
UMAT_0006129,50.0,50.0,5
UMAT_0006130,90.0,90.0,6
UMAT_0006153,235.0,300.0,2
UMAT_0006154,400.0,400.0,12
UMAT_0006220,128.0,128.0,2
UMAT_0006221,350.0,350.0,11
UMAT_0006222,575.0,575.0,1
UMAT_0006223,350.0,350.0,10
UMAT_0006225,765.0,765.0,19
UMAT_0006226,175.0,175.0,8
UMAT_0006227,225.0,225.0,9
UMAT_0006228,225.0,225.0,6
UMAT_0006232,470.0,470.0,12
UMAT_0006235,303.0,303.0,10
UMAT_0006237,363.0,363.0,1
UMAT_0006238,512.0,512.0,11
UMAT_0006241,303.0,303.0,14
UMAT_0006242,203.0,203.0,10
UMAT_0006243,485.0,485.0,13
UMAT_0006244,350.0,350.0,10
UMAT_0006245,510.0,510.0,8
UMAT_0006246,525.0,525.0,10
UMAT_0006247,550.0,550.0,10
UMAT_0006250,550.0,550.0,12
UMAT_0006251,200.0,200.0,8
UMAT_0006252,325.0,325.0,9
UMAT_0006253,525.0,525.0,11
UMAT_0006254,515.0,515.0,8
UMAT_0006255,250.0,250.0,13
UMAT_0006256,500.0,500.0,13
UMAT_0006274,802.0,800.0,7
UMAT_0006284,303.0,303.0,4
UMAT_0006291,485.0,485.0,13
UMAT_0006297,150.0,150.0,7
UMAT_0006298,479.0,479.0,12
UMAT_0006299,75.0,75.0,5
UMAT_0006300,175.0,175.0,8
UMAT_0006301,140.0,140.0,6
UMAT_0006303,500.0,500.0,6
UMAT_0006308,300.0,300.0,9
UMAT_0006309,620.0,620.0,19
UMAT_0006310,535.0,535.0,9
UMAT_0006312,500.0,500.0,9
UMAT_0006313,180.0,180.0,4
UMAT_0006323,227.0,227.0,12
UMAT_0006325,300.0,300.0,7
UMAT_0006326,169.0,169.0,4
UMAT_0006327,475.0,475.0,8
UMAT_0006328,425.0,425.0,11
UMAT_0006332,120.0,120.0,3
UMAT_0006333,465.0,465.0,6
UMAT_0006334,206.0,212.5,14
UMAT_0006350,368.0,368.0,12
UMAT_0006351,770.0,770.0,22
UMAT_0006352,445.0,445.0,15
UMAT_0006353,460.0,460.0,11
UMAT_0006356,1810.0,1810.0,12
UMAT_0006358,830.0,830.0,4
UMAT_0006359,368.0,368.0,9
UMAT_0006362,172.0,184.0,17
UMAT_0006363,355.0,355.0,6
UMAT_0006368,0.0,375.0,3
UMAT_0006370,270.0,270.0,8
UMAT_0006371,530.0,530.0,16
UMAT_0006373,365.0,365.0,10
UMAT_0006387,143.0,143.0,8
UMAT_0006388,243.0,281.0,8
UMAT_0006389,503.0,503.0,9
UMAT_0006393,483.0,483.0,7
UMAT_0006394,523.0,523.0,14
UMAT_0006397,503.0,503.0,6
UMAT_0006398,243.0,243.0,10
UMAT_0006399,463.0,463.0,6
UMAT_0006404,510.0,510.0,6
UMAT_0006406,475.0,475.0,7
UMAT_0006407,523.0,523.0,13
UMAT_0006408,523.0,523.0,8
UMAT_0006409,203.0,203.0,2
UMAT_0006410,226.0,226.0,3
UMAT_0006411,250.0,250.0,8
UMAT_0006413,490.0,490.0,11
UMAT_0006414,490.0,490.0,10
UMAT_0006420,155.0,155.0,5
UMAT_0006516,225.0,225.0,5
UMAT_0006534,120.0,120.0,3
UMAT_0006572,250.0,250.0,7
UMAT_0006573,140.0,140.0,7
UMAT_0006575,525.0,525.0,8
UMAT_0006576,250.0,250.0,9
UMAT_0006579,60.0,60.0,3
UMAT_0006583,300.0,300.0,10
UMAT_0006584,132.0,132.0,4
UMAT_0006585,85.0,85.0,5
UMAT_0006586,230.0,230.0,8
UMAT_0006589,250.0,250.0,7
UMAT_0006604,385.0,385.0,5
UMAT_0006605,60.0,60.0,3
UMAT_0008025,220.0,220.0,4
UMAT_0050009,127.0,127.0,11
UMAT_0050010,275.0,275.0,13
UMAT_0050018,690.0,690.0,4
UMAT_0050019,250.0,250.0,7
UMAT_0050022,932.0,932.0,2
UMAT_0050042,200.0,194.0,8
UMAT_0050056,745.0,745.0,9
UMAT_0050070,707.0,707.0,19
UMAT_0050073,100.0,100.0,4
UMAT_0050089,152.0,152.0,3
UMAT_0050091,310.0,310.0,9
UMAT_0050092,525.0,525.0,15
UMAT_0050093,514.0,514.0,9
UMAT_0050094,147.0,147.0,5
UMAT_0050095,375.0,375.0,13
UMAT_0050119,152.0,152.0,10
UMAT_0050128,177.0,177.0,11
UMAT_0050129,143.0,143.0,9
UMAT_0050131,63.0,63.0,4
UMAT_0050132,63.0,63.0,4
UMAT_0050133,64.0,64.0,4
UMAT_0050139,375.0,375.0,6
UMAT_0050140,250.0,250.0,9
UMAT_0050143,506.0,506.0,15
UMAT_0050154,193.0,193.0,7
UMAT_0050160,720.0,720.0,14
UMAT_0050161,250.0,250.0,9
UMAT_0050164,200.0,200.0,7
UMAT_0050165,670.0,670.0,13
UMAT_0050174,94.0,94.0,7
UMAT_0050179,175.0,175.0,9
UMAT_0050181,497.0,497.0,6
UMAT_0050187,263.0,263.0,4
UMAT_0050190,523.0,523.0,10
UMAT_0050194,190.0,190.0,7
UMAT_0050195,325.0,325.0,8
UMAT_0050197,337.0,337.0,9
UMAT_0050211,255.0,251.0,10
UMAT_0050212,166.0,166.0,6
UMAT_0050215,475.0,475.0,6
UMAT_0050223,283.0,283.0,8
UMAT_0050224,68.0,68.0,4
UMAT_0050226,283.0,283.0,9
UMAT_0050229,276.0,276.0,18
UMAT_0050232,525.0,525.0,13
UMAT_0050243,145.0,145.0,6
UMAT_0050244,283.0,283.0,12
UMAT_0050262,476.0,476.0,5
UMAT_0050263,643.0,643.0,10
UMAT_0050265,101.0,101.0,4
UMAT_0050320,300.0,300.0,6
UMAT_0050322,300.0,300.0,9
UMAT_0050323,175.0,175.0,7
UMAT_0050343,197.0,197.0,9
UMAT_0050344,160.0,160.0,4
UMAT_0050363,323.0,323.0,10
UMAT_0050364,225.0,206.0,1
UMAT_0050386,207.0,207.0,2
UMAT_0050390,355.0,355.0,11
UMAT_0050391,375.0,375.0,4
UMAT_0050392,11.0,11.0,1
UMAT_0050393,11.0,11.0,1
UMAT_0050394,11.0,11.0,1
UMAT_0050395,11.0,11.0,1
UMAT_0050396,11.0,11.0,1
UMAT_0050397,11.0,11.0,1
UMAT_0050398,11.0,11.0,1
UMAT_0050399,11.0,11.0,1
UMAT_0050400,11.0,11.0,1
UMAT_0050401,11.0,11.0,1
UMAT_0050402,11.0,11.0,1
UMAT_0050403,11.0,11.0,1
UMAT_0050404,11.0,11.0,1
UMAT_0050405,11.0,11.0,1
UMAT_0050406,11.0,11.0,1
UMAT_0050407,11.0,11.0,1
UMAT_0050408,11.0,11.0,1
UMAT_0050409,11.0,11.0,1
UMAT_0050410,11.0,11.0,1
UMAT_0050411,11.0,11.0,1
UMAT_0050412,11.0,11.0,1
UMAT_0050413,11.0,11.0,1
UMAT_0050414,11.0,11.0,1
UMAT_0050415,11.0,11.0,1
UMAT_0050416,11.0,11.0,1
UMAT_0050417,11.0,11.0,1
UMAT_0050418,11.0,11.0,1
UMAT_0050419,11.0,11.0,1
UMAT_0050420,11.0,11.0,1
UMAT_0050421,11.0,11.0,1
UMAT_0050422,11.0,11.0,1
UMAT_0050423,11.0,11.0,1
UMAT_0050424,11.0,11.0,1
UMAT_0050425,11.0,11.0,1
UMAT_0050426,11.0,11.0,1
UMAT_0050427,11.0,11.0,1
UMAT_0050428,11.0,11.0,1
UMAT_0050429,11.0,11.0,1
UMAT_0050430,11.0,11.0,1
UMAT_0050431,11.0,11.0,1
UMAT_0050432,11.0,11.0,1
UMAT_0050433,11.0,11.0,1
UMAT_0050434,11.0,11.0,1
UMAT_0050435,11.0,11.0,1
UMAT_0050436,11.0,11.0,1
UMAT_0050437,11.0,11.0,1
UMAT_0050438,11.0,11.0,1
UMAT_0050439,11.0,11.0,1
UMAT_0050440,11.0,11.0,1
UMAT_0050441,11.0,11.0,1
UMAT_0050442,11.0,11.0,1
UMAT_0050443,11.0,11.0,1
UMAT_0050444,11.0,11.0,1
UMAT_0050445,11.0,11.0,1
UMAT_0050446,11.0,11.0,1
UMAT_0050447,11.0,11.0,1
UMAT_0050448,11.0,11.0,1
UMAT_0050449,11.0,11.0,1
UMAT_0050450,11.0,11.0,1
UMAT_0050451,11.0,11.0,1
UMAT_0050452,11.0,11.0,1
UMAT_0050453,11.0,11.0,1
UMAT_0050455,11.0,11.0,1
UMAT_0050456,11.0,11.0,1
UMAT_0050457,11.0,11.0,1
UMAT_0050461,226.0,226.0,10
UMAT_0050462,250.0,250.0,7
UMAT_0050463,105.0,105.0,2
UMAT_0050469,303.0,303.0,9
UMAT_0050470,263.0,263.0,9
UMAT_0050479,277.0,277.0,13
UMAT_0050480,252.0,252.0,11
UMAT_0050484,225.0,225.0,6
UMAT_0050487,275.0,275.0,9
UMAT_0050488,200.0,200.0,11
UMAT_0050489,225.0,225.0,11
UMAT_0050490,161.0,161.0,6
UMAT_0050491,500.0,500.0,7
UMAT_0050493,203.0,203.0,10
UMAT_0050494,340.0,340.0,15
UMAT_0050504,245.0,251.0,11
UMAT_0050505,252.0,252.0,15
UMAT_0050515,303.0,303.0,7
UMAT_0050518,303.0,303.0,8
UMAT_0050529,250.0,250.0,9
UMAT_0050566,227.0,227.0,9
UMAT_0050568,82.0,82.0,3
UMAT_0050569,200.0,200.0,4
UMAT_0050570,200.0,200.0,5
UMAT_0050571,80.0,80.0,4
UMAT_0050572,275.0,275.0,11
UMAT_0050575,275.0,275.0,7
UMAT_0050576,125.0,125.0,6
UMAT_0050585,155.0,155.0,4
UMAT_0050587,640.0,640.0,12
UMAT_0050591,60.0,60.0,1
UMAT_0050592,60.0,60.0,1
UMAT_0050593,40.0,40.0,1
UMAT_0050594,60.0,60.0,1
UMAT_0050598,733.0,733.0,5
UMAT_0050612,50.0,50.0,2
UMAT_0050613,240.0,240.0,6
UMAT_0050625,120.0,120.0,3
UMAT_0050626,60.0,60.0,5
UMAT_0050627,112.0,112.0,6
UMAT_0050628,245.0,245.0,7
UMAT_0050649,257.0,257.0,6
UMAT_0050652,282.0,282.0,6
UMAT_0050654,480.0,480.0,23
UMAT_0050662,303.0,303.0,9
UMAT_0050664,420.0,420.0,13
UMAT_0050788,161.0,161.0,5
UMAT_0052459,58.0,58.0,2
UMAT_0052464,30.0,30.0,2
UMAT_0052465,30.0,30.0,2
UMAT_0052466,20.0,20.0,1
UMAT_0052467,30.0,30.0,2
UMAT_0053066,31.0,31.0,1
UMAT_0053069,32.0,32.0,1
UMAT_0053082,32.0,32.0,1
UMAT_0053085,32.0,32.0,1
UMAT_0053087,32.0,32.0,1
UMAT_0053265,58.0,58.0,3
UMAT_0053461,249.0,249.0,10
UMAT_0053479,19.0,19.0,2
UMAT_0053480,13.0,13.0,2
UMAT_0053481,17.0,17.0,2
UMAT_0053482,14.0,14.0,2
UMAT_0053518,120.0,120.0,2
UMAT_0053519,120.0,120.0,2
UMAT_0053520,50.0,50.0,1
UMAT_0053521,50.0,50.0,1
UMAT_0053522,100.0,100.0,2
UMAT_0053523,100.0,100.0,2
UMAT_0053524,50.0,50.0,1
UMAT_0053525,50.0,50.0,1
UMAT_0053526,50.0,50.0,1
UMAT_0053527,50.0,50.0,1
UMAT_0053528,50.0,50.0,1
UMAT_0053574,375.0,375.0,3
UMAT_0053612,116.0,116.0,3
UMAT_0053686,20.0,20.0,1
UMAT_0053687,20.0,20.0,1
UMAT_0053688,20.0,20.0,1
UMAT_0053724,120.0,120.0,3
UMAT_0053725,135.0,135.0,3
UMAT_0053780,90.0,90.0,2
UMAT_0053781,85.0,85.0,2
UMAT_0053783,35.0,35.0,1
UMAT_0053784,35.0,35.0,1
UMAT_0053785,35.0,35.0,1
UMAT_0053786,85.0,85.0,2
UMAT_0053787,35.0,30.0,1
UMAT_0053788,35.0,35.0,1
UMAT_0053789,50.0,50.0,1
UMAT_0054304,500.0,500.0,8
UMAT_0054351,265.0,265.0,8
UMAT_0054408,275.0,275.0,12
UMAT_0054413,47.0,47.0,2
UMAT_0054432,200.0,200.0,6
UMAT_0054435,366.0,366.0,15
UMAT_0054445,510.0,510.0,16
UMAT_0054448,270.0,270.0,2
UMAT_0054452,245.0,245.0,5
UMAT_0054453,0.0,138.0,3
UMAT_0054457,240.0,240.0,11
UMAT_0054466,235.0,235.0,8
UMAT_0054467,263.0,263.0,15
UMAT_0054476,480.0,470.0,8
UMAT_0054512,120.0,120.0,7
UMAT_0054513,103.0,105.0,6
UMAT_0054526,113.0,113.0,3
UMAT_0054527,119.0,119.0,3
UMAT_0054528,108.0,108.0,3
UMAT_0054529,112.0,112.0,3
UMAT_0054533,385.0,385.0,9
UMAT_0054542,130.0,130.0,3
UMAT_0054556,250.0,250.0,5
UMAT_0054557,130.0,130.0,3
UMAT_0054561,139.0,139.0,2
UMAT_0054563,455.0,455.0,5
UMAT_0054564,305.0,305.0,6
UMAT_0054565,500.0,500.0,12
UMAT_0054566,300.0,300.0,9
UMAT_0054570,230.0,230.0,7
UMAT_0054576,305.0,305.0,7
UMAT_0054581,115.0,115.0,6
UMAT_0054586,125.0,125.0,8
UMAT_0054651,,250.0,9
UMAT_0054674,295.0,295.0,7
UMAT_0054679,280.0,280.0,5
UMAT_0054687,306.0,285.0,5
UMAT_0054692,404.0,404.0,11
UMAT_0054694,59.0,59.0,4
UMAT_0054697,246.0,246.0,5
UMAT_0054701,109.0,109.0,8
UMAT_0054705,500.0,500.0,12
UMAT_0054713,270.0,270.0,6
UMAT_0054714,200.0,200.0,12
UMAT_0054715,257.0,257.0,6
UMAT_0054724,275.0,275.0,10
UMAT_0054728,220.0,220.0,5
UMAT_0054729,397.0,397.0,8
UMAT_0054730,224.0,224.0,7
UMAT_0054761,205.0,205.0,9
UMAT_0054762,20.0,20.0,2
UMAT_0054763,18.0,18.0,2
UMAT_0054769,400.0,400.0,9
UMAT_0054772,285.0,285.0,8
UMAT_0054782,260.0,260.0,2
UMAT_0054809,205.0,205.0,6
UMAT_0054810,245.0,245.0,5
UMAT_0054816,478.0,478.0,9
UMAT_0054827,160.0,160.0,6
UMAT_0054834,136.0,136.0,4
UMAT_0054837,345.0,345.0,4
UMAT_0054839,265.0,265.0,8
UMAT_0054840,285.0,285.0,8
UMAT_0054842,,580.0,1
UMAT_0054843,,580.0,1
UMAT_0054847,370.0,370.0,4
UMAT_0054849,500.0,500.0,5
UMAT_0054850,140.0,140.0,4
UMAT_0054851,325.0,325.0,4
UMAT_0054852,250.0,250.0,9
UMAT_0054855,325.0,325.0,11
UMAT_0054856,144.0,144.0,4
UMAT_0054861,530.0,530.0,15
UMAT_0054863,844.0,844.0,10
UMAT_0054865,210.0,220.0,8
UMAT_0054883,290.0,290.0,9
UMAT_0054884,155.0,156.0,6
UMAT_0054894,264.0,264.0,9
UMAT_0054917,283.0,283.0,7
UMAT_0054919,500.0,500.0,5
UMAT_0054938,283.0,283.0,10
UMAT_0054964,283.0,283.0,5
UMAT_0054965,340.0,340.0,10
UMAT_0054976,325.0,325.0,9
UMAT_0054977,286.0,286.0,8
UMAT_0054984,515.0,515.0,12
UMAT_0054985,280.0,280.0,8
UMAT_0054993,46.0,46.0,3
UMAT_0054994,425.0,425.0,11
UMAT_0054998,600.0,600.0,10
UMAT_0054999,350.0,350.0,9
UMAT_0055007,460.0,460.0,11
UMAT_0055010,260.0,260.0,5
UMAT_0055011,520.0,520.0,9
UMAT_0055028,163.0,163.0,6
UMAT_0055029,226.0,226.0,8
UMAT_0055042,200.0,200.0,6
UMAT_0055044,440.0,440.0,10
UMAT_0055047,243.0,243.0,9
UMAT_0055052,185.0,185.0,6
UMAT_0055056,323.0,323.0,9
UMAT_0055065,247.0,247.0,5
UMAT_0055079,480.0,480.0,13
UMAT_0055080,104.0,104.0,5
UMAT_0055086,443.0,443.0,6
UMAT_0055090,130.0,130.0,6
UMAT_0055091,100.0,100.0,6
UMAT_0055092,200.0,200.0,6
UMAT_0055093,150.0,150.0,5
UMAT_0055094,175.0,175.0,6
UMAT_0055097,125.0,125.0,10
UMAT_0055098,100.0,100.0,6
UMAT_0055102,157.0,157.0,9
UMAT_0055103,159.0,160.0,7
UMAT_0055118,250.0,250.0,9
UMAT_0055119,275.0,275.0,11
UMAT_0055122,90.0,90.0,2
UMAT_0055123,105.0,105.0,2
UMAT_0055124,245.0,245.0,6
UMAT_0055125,265.0,265.0,6
UMAT_0055126,260.0,260.0,7
UMAT_0055133,350.0,350.0,10
UMAT_0055134,80.0,80.0,6
UMAT_0055154,185.0,185.0,8
UMAT_0055161,205.0,205.0,8
UMAT_0055164,109.0,109.0,6
UMAT_0055166,156.0,155.0,8
UMAT_0055172,265.0,265.0,12
UMAT_0055174,693.0,693.0,4
UMAT_0055193,345.0,345.0,11
UMAT_0055194,160.0,160.0,7
UMAT_0055201,405.0,405.0,10
UMAT_0055210,245.0,245.0,7
UMAT_0055213,498.0,498.0,5
UMAT_0055223,225.0,225.0,11
UMAT_0055224,322.0,322.0,8
UMAT_0055225,160.0,160.0,7
UMAT_0055230,580.0,580.0,9
UMAT_0055243,460.0,460.0,12
UMAT_0055244,138.0,138.0,9
UMAT_0055245,138.0,138.0,8
UMAT_0055246,138.0,138.0,10
UMAT_0055247,98.0,98.0,10
UMAT_0055249,118.0,118.0,8
UMAT_0055250,138.0,138.0,7
UMAT_0055251,158.0,158.0,6
UMAT_0055270,340.0,340.0,7
UMAT_0055273,505.0,505.0,14
UMAT_0055280,100.0,100.0,6
UMAT_0055290,80.0,80.0,2
UMAT_0055300,141.0,141.0,3
UMAT_0055303,165.0,165.0,4
UMAT_0055304,390.0,390.0,9
UMAT_0055335,285.0,285.0,7
UMAT_0055338,407.0,407.0,11
UMAT_0055340,485.0,485.0,5
UMAT_0055383,235.0,235.0,8
UMAT_0055390,304.0,304.0,10
UMAT_0055391,79.0,79.0,4
UMAT_0055392,496.0,496.0,15
UMAT_0055395,59.0,59.0,3
UMAT_0055397,142.0,142.0,5
UMAT_0055399,284.0,284.0,5
UMAT_0055422,560.0,560.0,13
UMAT_0055443,1450.0,1450.0,59
UMAT_0055461,287.0,287.0,8
UMAT_0055466,,271.0,7
UMAT_0055471,616.0,616.0,10
UMAT_0055474,200.0,200.0,7
UMAT_0055475,160.0,160.0,4
UMAT_0055476,225.0,220.0,10
UMAT_0055481,205.0,205.0,7
UMAT_0055483,455.0,450.0,16
UMAT_0055488,120.0,120.0,2
UMAT_0055489,112.0,112.0,2
UMAT_0055490,122.0,122.0,2
UMAT_0055491,134.0,134.0,2
UMAT_0055492,140.0,140.0,2
UMAT_0055497,240.0,240.0,7
UMAT_0055499,544.0,544.0,11
UMAT_0055513,465.0,465.0,13
UMAT_0055524,183.0,187.0,6
UMAT_0055530,260.0,260.0,9
UMAT_0055531,160.0,160.0,5
UMAT_0055553,385.0,385.0,10
UMAT_0055579,347.0,347.0,10
UMAT_0055580,1294.0,1294.0,14
UMAT_0055586,260.0,260.0,5
UMAT_0055587,430.0,430.0,7
UMAT_0055595,205.0,205.0,7
UMAT_0055597,230.0,230.0,9
UMAT_0055600,130.0,130.0,6
UMAT_0055602,525.0,525.0,3
UMAT_0055604,80.0,80.0,6
UMAT_0055610,105.0,105.0,7
UMAT_0055612,180.0,180.0,6
UMAT_0055613,90.0,90.0,5
UMAT_0055616,505.0,505.0,5
UMAT_0055617,200.0,200.0,6
UMAT_0055618,175.0,175.0,9
UMAT_0055620,155.0,155.0,4
UMAT_0055628,205.0,205.0,6
UMAT_0055629,470.0,470.0,9
UMAT_0055630,250.0,250.0,5
UMAT_0055634,175.0,175.0,6
UMAT_0055636,0.0,160.0,1
UMAT_0055640,150.0,150.0,7
UMAT_0055641,490.0,490.0,7
UMAT_0055645,55.0,55.0,3
UMAT_0055647,160.0,160.0,4
UMAT_0055655,205.0,205.0,8
UMAT_0055656,205.0,205.0,1
UMAT_0055658,125.0,125.0,6
UMAT_0055659,220.0,425.0,11
UMAT_0055661,384.0,384.0,10
UMAT_0055663,383.0,383.0,8
UMAT_0055664,205.0,205.0,5
UMAT_0055670,580.0,580.0,12
UMAT_0055676,243.0,243.0,7
UMAT_0055679,27.0,27.0,2
UMAT_0055693,205.0,205.0,7
UMAT_0055694,155.0,155.0,8
UMAT_0055697,223.0,222.0,7
UMAT_0055698,78.0,78.0,5
UMAT_0055704,270.0,270.0,3
UMAT_0055715,203.0,203.0,7
UMAT_0055717,185.0,185.0,8
UMAT_0055720,111.0,111.0,8
UMAT_0055721,119.0,119.0,6
UMAT_0055722,125.0,125.0,9
UMAT_0055724,115.0,115.0,9
UMAT_0055726,100.0,100.0,5
UMAT_0055731,129.0,129.0,8
UMAT_0055736,1147.0,1184.0,5
UMAT_0055741,223.0,223.0,2
UMAT_0055750,241.0,241.0,9
UMAT_0055755,97.0,97.0,7
UMAT_0055793,465.0,465.0,4
UMAT_0055800,285.0,285.0,5
UMAT_0055809,1186.0,1186.0,8
UMAT_0055835,184.0,184.0,8
UMAT_0055838,405.0,405.0,12
UMAT_0055840,250.0,250.0,7
UMAT_0055843,230.0,230.0,8
UMAT_0055844,180.0,180.0,6
UMAT_0055849,205.0,205.0,8
UMAT_0055852,230.0,230.0,5
UMAT_0055855,180.0,180.0,4
UMAT_0055858,150.0,150.0,6
UMAT_0055866,110.0,110.0,5
UMAT_0055872,143.0,144.0,7
UMAT_0055875,79.0,79.0,3
UMAT_0055876,240.0,240.0,7
UMAT_0055881,281.0,281.0,7
UMAT_0055882,405.0,405.0,8
UMAT_0055890,105.0,105.0,7
UMAT_0055893,240.0,240.0,8
UMAT_0055894,80.0,80.0,6
UMAT_0055898,600.0,600.0,13
UMAT_0055899,200.0,206.0,9
UMAT_0055900,505.0,505.0,7
UMAT_0055901,215.0,215.0,8
UMAT_0055904,300.0,300.0,9
UMAT_0055906,280.0,280.0,12
UMAT_0055913,165.0,165.0,9
UMAT_0055916,240.0,245.0,10
UMAT_0055919,400.0,400.0,11
UMAT_0055920,310.0,310.0,12
UMAT_0055924,498.0,498.0,11
UMAT_0055937,495.0,495.0,11
UMAT_0055938,196.0,196.0,6
UMAT_0055939,305.0,305.0,9
UMAT_0055941,243.0,243.0,6
UMAT_0055944,162.0,162.0,6
UMAT_0055960,470.0,470.0,3
UMAT_0055962,265.0,265.0,7
UMAT_0055966,205.0,205.0,5
UMAT_0055967,430.0,430.0,12
UMAT_0055970,742.0,742.0,10
UMAT_0055972,380.0,380.0,12
UMAT_0055973,423.0,423.0,9
UMAT_0055974,140.0,140.0,8
UMAT_0055989,305.0,305.0,6
UMAT_0055990,165.0,165.0,5
UMAT_0056009,90.0,90.0,3
UMAT_0056024,500.0,500.0,12
UMAT_0056025,460.0,460.0,13
UMAT_0056027,408.0,408.0,6
UMAT_0056045,200.0,200.0,5
UMAT_0056047,200.0,200.0,4
UMAT_0056048,630.0,630.0,10
UMAT_0056056,100.0,100.0,5
UMAT_0056073,250.0,250.0,7
UMAT_0056086,155.0,155.0,4
UMAT_0056087,43.0,43.0,4
UMAT_0056088,330.0,330.0,9
UMAT_0056089,220.0,220.0,9
UMAT_0056090,480.0,480.0,11
UMAT_0056091,275.0,275.0,7
UMAT_0056100,185.0,185.0,5
UMAT_0056101,847.0,847.0,13
UMAT_0056108,285.0,285.0,9
UMAT_0056111,160.0,160.0,3
UMAT_0056115,143.0,143.0,4
UMAT_0056116,485.0,485.0,16
UMAT_0056119,286.0,286.0,8
UMAT_0056120,408.0,408.0,12
UMAT_0056123,490.0,490.0,9
UMAT_0056124,500.0,500.0,5
UMAT_0056126,45.0,45.0,5
UMAT_0056127,200.0,200.0,6
UMAT_0056128,160.0,160.0,5
UMAT_0056129,95.0,95.0,5
UMAT_0056131,250.0,250.0,8
UMAT_0056133,250.0,250.0,7
UMAT_0056134,400.0,400.0,9
UMAT_0056138,305.0,305.0,7
UMAT_0056147,98.0,98.0,4
UMAT_0056151,266.0,266.0,9
UMAT_0056168,40.0,40.0,4
UMAT_0056172,53.0,53.0,5
UMAT_0056173,48.0,48.0,3
UMAT_0056175,194.0,194.0,13
UMAT_0056176,194.0,194.0,11
UMAT_0056177,200.0,200.0,10
UMAT_0056178,121.0,121.0,3
UMAT_0056196,300.0,300.0,9
UMAT_0056200,560.0,560.0,4
UMAT_0056202,262.0,262.0,5
UMAT_0056207,320.0,320.0,6
UMAT_0056213,494.0,494.0,12
UMAT_0056224,380.0,380.0,3
UMAT_0056243,500.0,500.0,6
UMAT_0056279,388.0,388.0,10
UMAT_0056280,360.0,360.0,10
UMAT_0056286,45.0,45.0,2
UMAT_0056288,283.0,283.0,8
UMAT_0056294,243.0,243.0,7
UMAT_0056298,162.0,162.0,7
UMAT_0056310,154.0,154.0,5
UMAT_0056316,106.0,106.0,4
UMAT_0056317,106.0,106.0,4
UMAT_0056318,106.0,106.0,5
UMAT_0056320,257.0,257.0,7
UMAT_0056321,,245.0,8
UMAT_0056324,385.0,385.0,15
UMAT_0056325,60.0,60.0,3
UMAT_0056377,59.0,59.0,3
UMAT_0056378,326.0,326.0,8
UMAT_0056379,405.0,405.0,8
UMAT_0056394,152.0,152.0,6
UMAT_0056398,246.0,246.0,7
UMAT_0056400,406.0,406.0,12
UMAT_0056402,170.0,170.0,2
UMAT_0056411,765.0,765.0,22
UMAT_0056413,240.0,240.0,7
UMAT_0056414,20.0,20.0,3
UMAT_0056415,20.0,20.0,3
UMAT_0056416,20.0,20.0,3
UMAT_0056417,20.0,20.0,3
UMAT_0056418,20.0,20.0,3
UMAT_0056419,20.0,20.0,1
UMAT_0056420,400.0,400.0,5
UMAT_0056427,380.0,380.0,3
UMAT_0056431,405.0,405.0,7
UMAT_0056434,260.0,260.0,8
UMAT_0056452,425.0,425.0,10
UMAT_0056454,423.0,423.0,5
UMAT_0056462,415.0,415.0,10
UMAT_0056469,505.0,505.0,14
UMAT_0056471,180.0,180.0,7
UMAT_0056473,16.0,16.0,1
UMAT_0056474,16.0,16.0,1
UMAT_0056475,16.0,16.0,1
UMAT_0056476,16.0,16.0,1
UMAT_0056482,240.0,240.0,10
UMAT_0056486,225.0,225.0,4
UMAT_0056497,230.0,230.0,6
UMAT_0056500,250.0,250.0,8
UMAT_0056501,195.0,195.0,8
UMAT_0056503,225.0,225.0,9
UMAT_0056504,175.0,175.0,7
UMAT_0056506,0.0,40.0,2
UMAT_0056508,305.0,305.0,5
UMAT_0056509,465.0,465.0,3
UMAT_0056511,46.0,46.0,3
UMAT_0056513,145.0,145.0,5
UMAT_0056519,305.0,305.0,3
UMAT_0056520,230.0,230.0,9
UMAT_0056542,305.0,305.0,7
UMAT_0056544,104.0,104.0,3
UMAT_0056545,275.0,275.0,3
UMAT_0056548,300.0,300.0,12
UMAT_0056549,276.0,276.0,11
UMAT_0056572,158.0,158.0,3
UMAT_0056599,911.0,911.0,2
UMAT_0056600,1055.0,1055.0,2
UMAT_0056612,363.0,363.0,11
UMAT_0056617,265.0,265.0,10
UMAT_0056619,445.0,445.0,15
UMAT_0056621,265.0,265.0,5
UMAT_0056625,118.0,118.0,2
UMAT_0056631,264.0,264.0,4
UMAT_0056657,627.0,627.0,7
UMAT_0056658,265.0,265.0,10
UMAT_0056662,100.0,100.0,1
UMAT_0056663,100.0,100.0,1
UMAT_0056665,100.0,100.0,1
UMAT_0056667,20.0,20.0,1
UMAT_0056669,20.0,20.0,1
UMAT_0056672,205.0,205.0,5
UMAT_0056678,280.0,280.0,8
UMAT_0056684,285.0,285.0,10
UMAT_0056686,520.0,520.0,9
UMAT_0056690,280.0,280.0,9
UMAT_0056697,494.0,494.0,10
UMAT_0056698,225.0,225.0,6
UMAT_0056701,19.0,19.0,2
UMAT_0056702,20.0,20.0,2
UMAT_0056703,19.0,19.0,2
UMAT_0056704,19.0,19.0,2
UMAT_0056705,19.0,19.0,2
UMAT_0056706,20.0,20.0,2
UMAT_0056707,16.0,16.0,2
UMAT_0056708,14.0,14.0,2
UMAT_0056709,17.0,17.0,2
UMAT_0056710,17.0,17.0,2
UMAT_0056711,50.0,50.0,2
UMAT_0056712,50.0,50.0,2
UMAT_0056713,50.0,50.0,2
UMAT_0056714,45.0,45.0,2
UMAT_0056715,44.0,44.0,2
UMAT_0056716,47.0,47.0,2
UMAT_0056717,40.0,40.0,2
UMAT_0056718,25.0,25.0,2
UMAT_0056719,25.0,25.0,2
UMAT_0056720,80.0,80.0,2
UMAT_0056721,53.0,52.5,2
UMAT_0056752,138.0,138.0,3
UMAT_0056767,508.0,508.0,6
UMAT_0056771,772.0,772.0,28
UMAT_0056772,12.0,12.0,2
UMAT_0056773,12.0,12.0,2
UMAT_0056774,12.0,12.0,2
UMAT_0056775,8.0,8.0,2
UMAT_0056776,15.0,15.0,2
UMAT_0056777,14.0,14.0,2
UMAT_0056778,13.0,13.0,2
UMAT_0056779,13.0,13.0,2
UMAT_0056780,13.0,13.0,2
UMAT_0056781,15.0,15.0,2
UMAT_0056782,15.0,15.0,2
UMAT_0056783,18.0,18.0,2
UMAT_0056784,30.0,30.0,2
UMAT_0056785,30.0,30.0,2
UMAT_0056786,14.0,14.0,2
UMAT_0056787,13.0,13.0,2
UMAT_0056788,34.0,34.0,2
UMAT_0056789,50.0,50.0,3
UMAT_0056790,50.0,50.0,3
UMAT_0056791,50.0,50.0,3
UMAT_0056792,50.0,50.0,3
UMAT_0056793,50.0,50.0,3
UMAT_0056794,55.0,55.0,3
UMAT_0056804,41.0,54.0,6
UMAT_0056805,50.0,62.0,4
UMAT_0056806,45.0,64.0,9
UMAT_0056807,41.0,45.0,4
UMAT_0056824,105.0,105.0,5
UMAT_0056831,98.0,98.0,4
UMAT_0056841,365.0,365.0,8
UMAT_0056865,324.0,324.0,8
UMAT_0056872,526.0,526.0,6
UMAT_0056878,58.0,58.0,4
UMAT_0056880,420.0,420.0,12
UMAT_0056881,550.0,550.0,13
UMAT_0056885,387.0,387.0,17
UMAT_0056886,206.0,206.0,9
UMAT_0056891,729.0,729.0,10
UMAT_0056892,98.0,98.0,3
UMAT_0056910,135.0,135.0,5
UMAT_0056913,243.0,243.0,13
UMAT_0056915,485.0,485.0,5
UMAT_0056916,125.0,125.0,6
UMAT_0056917,125.0,125.0,6
UMAT_0056918,132.0,132.0,3
UMAT_0056919,127.0,127.0,3
UMAT_0056920,133.0,133.0,4
UMAT_0056921,62.0,62.0,4
UMAT_0056923,85.0,85.0,9
UMAT_0056924,347.0,347.0,10
UMAT_0056925,30.0,30.0,3
UMAT_0056926,28.0,28.0,3
UMAT_0056927,28.0,28.0,3
UMAT_0056928,47.0,47.0,4
UMAT_0056932,205.0,205.0,9
UMAT_0056939,150.0,150.0,9
UMAT_0056961,405.0,405.0,13
UMAT_0056963,25.0,25.0,2
UMAT_0056964,25.0,25.0,2
UMAT_0056968,10.0,10.0,1
UMAT_0056969,10.0,10.0,1
UMAT_0056970,10.0,10.0,1
UMAT_0056971,10.0,10.0,1
UMAT_0056974,85.0,85.0,4
UMAT_0056975,25.0,25.0,2
UMAT_0056976,88.0,87.5,3
UMAT_0056977,100.0,100.0,3
UMAT_0056978,25.0,25.0,1
UMAT_0056979,23.0,23.0,1
UMAT_0056983,106.0,106.0,6
UMAT_0056984,145.0,145.0,6
UMAT_0056991,230.0,230.0,7
UMAT_0056993,156.0,156.0,5
UMAT_0056994,266.0,266.0,14
UMAT_0056996,550.0,550.0,15
UMAT_0057012,166.0,166.0,6
UMAT_0057013,180.0,180.0,4
UMAT_0057024,492.0,492.0,8
UMAT_0057029,147.0,147.0,3
UMAT_0057033,138.0,138.0,3
UMAT_0057034,112.0,115.0,10
UMAT_0057047,218.0,218.0,7
UMAT_0057058,623.0,623.0,16
UMAT_0057061,205.0,205.0,7
UMAT_0057064,480.0,480.0,6
UMAT_0057071,20.0,20.0,2
UMAT_0057072,20.0,20.0,2
UMAT_0057073,20.0,20.0,2
UMAT_0057074,20.0,20.0,2
UMAT_0057075,20.0,20.0,2
UMAT_0057076,20.0,20.0,2
UMAT_0057077,20.0,20.0,2
UMAT_0057078,20.0,20.0,2
UMAT_0057079,20.0,20.0,2
UMAT_0057080,20.0,20.0,2
UMAT_0057081,20.0,20.0,2
UMAT_0057082,20.0,20.0,2
UMAT_0057083,20.0,20.0,2
UMAT_0057084,20.0,20.0,2
UMAT_0057085,20.0,20.0,2
UMAT_0057086,20.0,20.0,2
UMAT_0057087,20.0,20.0,2
UMAT_0057088,20.0,20.0,2
UMAT_0057089,20.0,20.0,2
UMAT_0057090,20.0,20.0,2
UMAT_0057091,360.0,360.0,5
UMAT_0057092,183.0,183.0,9
UMAT_0057093,285.0,285.0,1
UMAT_0057096,340.0,340.0,6
UMAT_0057097,204.0,204.0,5
UMAT_0057098,35.0,35.0,2
UMAT_0057099,35.0,35.0,2
UMAT_0057102,98.0,98.0,5
UMAT_0057114,138.0,138.0,8
UMAT_0057115,180.0,180.0,10
UMAT_0057117,640.0,640.0,17
UMAT_0057119,185.0,185.0,7
UMAT_0057124,70.0,70.0,6
UMAT_0057129,465.0,465.0,7
UMAT_0057130,,505.0,1
UMAT_0057136,25.0,25.0,2
UMAT_0057137,40.0,40.0,2
UMAT_0057138,30.0,30.0,2
UMAT_0057139,25.0,25.0,2
UMAT_0057140,20.0,20.0,2
UMAT_0057141,25.0,25.0,2
UMAT_0057142,18.0,18.0,2
UMAT_0057146,35.0,35.0,1
UMAT_0057147,32.0,31.5,1
UMAT_0057148,33.0,32.5,1
UMAT_0057149,33.0,32.8,1
UMAT_0057150,30.0,30.0,1
UMAT_0057151,30.0,30.0,1
UMAT_0057152,30.0,30.0,1
UMAT_0057156,305.0,305.0,9
UMAT_0057168,250.0,250.0,3
UMAT_0057173,560.0,560.0,1
UMAT_0057177,55.0,55.0,3
UMAT_0057180,67.0,67.0,6
UMAT_0057184,41.0,41.0,3
UMAT_0057185,41.0,41.0,3
UMAT_0057186,41.0,41.0,3
UMAT_0057187,41.0,41.0,3
UMAT_0057188,41.0,41.0,3
UMAT_0057189,41.0,41.0,3
UMAT_0057190,41.0,41.0,3
UMAT_0057191,41.0,41.0,3
UMAT_0057192,41.0,41.0,3
UMAT_0057193,41.0,41.0,3
UMAT_0057195,400.0,400.0,9
UMAT_0057200,264.0,264.0,7
UMAT_0057201,80.0,80.0,3
UMAT_0057202,60.0,60.0,3
UMAT_0057203,60.0,60.0,4
UMAT_0057204,60.0,60.0,4
UMAT_0057205,60.0,60.0,3
UMAT_0057206,60.0,60.0,3
UMAT_0057207,60.0,60.0,3
UMAT_0057208,40.0,40.0,5
UMAT_0057209,30.0,30.0,2
UMAT_0057210,90.0,90.0,5
UMAT_0057211,60.0,60.0,5
UMAT_0057213,182.0,182.0,8
UMAT_0057214,365.0,365.0,6
UMAT_0057216,58.0,58.0,3
UMAT_0057221,792.0,792.0,32
UMAT_0057225,265.0,265.0,12
UMAT_0057226,30.0,30.0,1
UMAT_0057227,25.0,25.0,1
UMAT_0057233,39.0,39.0,3
UMAT_0057234,39.0,38.5,4
UMAT_0057240,150.0,150.0,4
UMAT_0057241,284.0,284.0,12
UMAT_0057242,158.0,158.0,3
UMAT_0057243,110.0,110.0,4
UMAT_0057244,90.0,90.0,3
UMAT_0057245,146.0,146.0,2
UMAT_0057248,425.0,425.0,4
UMAT_0057249,15.0,15.0,2
UMAT_0057250,15.0,15.0,2
UMAT_0057251,15.0,15.0,2
UMAT_0057252,10.0,10.0,1
UMAT_0057253,10.0,10.0,1
UMAT_0057254,23.0,22.5,2
UMAT_0057255,24.0,24.0,2
UMAT_0057256,21.0,21.0,2
UMAT_0057269,45.0,45.0,5
UMAT_0057276,25.0,25.0,2
UMAT_0057277,25.0,25.0,2
UMAT_0057278,20.0,20.0,2
UMAT_0057279,20.0,20.0,2
UMAT_0057291,300.0,300.0,4
UMAT_0057294,182.0,182.0,10
UMAT_0057298,15.0,15.0,1
UMAT_0057299,200.0,200.0,4
UMAT_0057301,165.0,165.0,9
UMAT_0057308,58.0,58.0,3
UMAT_0057319,15.0,15.0,1
UMAT_0057320,15.0,15.0,1
UMAT_0057321,15.0,15.0,1
UMAT_0057346,150.0,150.0,4
UMAT_0057379,523.0,523.0,1
UMAT_0057381,30.0,30.0,3
UMAT_0057382,30.0,30.0,3
UMAT_0057383,30.0,30.0,3
UMAT_0057384,30.0,30.0,3
UMAT_0057386,343.0,343.0,11
UMAT_0057390,258.0,258.0,17
UMAT_0057391,364.0,364.0,16
UMAT_0057392,648.0,648.0,12
UMAT_0057398,59.0,59.0,5
UMAT_0057405,30.0,30.0,1
UMAT_0057406,30.0,30.0,1
UMAT_0057407,30.0,30.0,1
UMAT_0057408,30.0,30.0,1
UMAT_0057412,75.0,75.0,6
UMAT_0057415,245.0,245.0,14
UMAT_0057422,265.0,265.0,10
UMAT_0057423,113.0,113.0,5
UMAT_0057426,550.0,550.0,9
UMAT_0057427,138.0,138.0,6
UMAT_0057428,130.0,130.0,7
UMAT_0057433,307.0,307.0,13
UMAT_0057439,50.0,50.0,2
UMAT_0057440,50.0,50.0,2
UMAT_0057441,32.0,32.0,2
UMAT_0057442,38.0,38.0,4
UMAT_0057444,525.0,525.0,14
UMAT_0057445,150.0,150.0,1
UMAT_0057448,230.0,230.0,8
UMAT_0057449,65.0,65.0,4
UMAT_0057452,10.0,10.0,2
UMAT_0057453,10.0,10.0,2
UMAT_0057454,10.0,10.0,2
UMAT_0057455,10.0,10.0,2
UMAT_0057456,10.0,10.0,2
UMAT_0057457,10.0,10.0,2
UMAT_0057458,10.0,10.0,2
UMAT_0057459,15.0,15.0,2
UMAT_0057460,15.0,15.0,2
UMAT_0057461,10.0,10.0,2
UMAT_0057462,10.0,10.0,2
UMAT_0057463,10.0,10.0,2
UMAT_0057464,30.0,30.0,3
UMAT_0057465,,30.0,3
UMAT_0057466,,30.0,3
UMAT_0057467,,30.0,3
UMAT_0057468,300.0,300.0,2
UMAT_0057469,440.0,440.0,8
UMAT_0057473,30.0,30.0,2
UMAT_0057474,30.0,30.0,2
UMAT_0057475,30.0,30.0,2
UMAT_0057476,15.0,15.0,2
UMAT_0057477,15.0,15.0,2
UMAT_0057478,20.0,20.0,2
UMAT_0057479,15.0,15.0,2
UMAT_0057480,15.0,15.0,2
UMAT_0057481,15.0,15.0,2
UMAT_0057482,15.0,15.0,2
UMAT_0057483,15.0,15.0,2
UMAT_0057486,130.0,130.0,6
UMAT_0057491,156.0,156.0,8
UMAT_0057493,15.0,15.0,2
UMAT_0057494,15.0,15.0,2
UMAT_0057495,15.0,15.0,2
UMAT_0057500,492.0,492.0,7
UMAT_0057503,72.0,72.0,6
UMAT_0057516,514.0,514.0,6
UMAT_0057517,182.0,182.0,3
UMAT_0057523,59.0,59.0,4
UMAT_0057524,223.0,223.0,8
UMAT_0057525,315.0,315.0,2
UMAT_0057527,224.0,224.0,4
UMAT_0057530,107.0,107.0,4
UMAT_0057531,152.0,152.0,5
UMAT_0057532,275.0,275.0,7
UMAT_0057533,247.0,247.0,15
UMAT_0057534,247.0,247.0,10
UMAT_0057536,238.0,238.0,9
UMAT_0057537,200.0,238.0,8
UMAT_0057545,66.0,66.0,5
UMAT_0057546,143.0,143.0,10
UMAT_0057548,,307.0,1
UMAT_0057558,30.0,30.1,5
UMAT_0057559,24.0,23.6,4
UMAT_0057560,31.0,30.8,5
UMAT_0057561,31.0,30.6,8
UMAT_0057566,490.0,490.0,22
UMAT_0057569,80.0,80.0,4
UMAT_0057571,112.0,112.0,4
UMAT_0057574,515.0,515.0,10
UMAT_0057575,207.0,207.0,6
UMAT_0057576,871.0,871.0,17
UMAT_0057596,502.0,502.0,16
UMAT_0057597,30.0,30.0,1
UMAT_0057598,30.0,30.0,1
UMAT_0057599,30.0,30.0,1
UMAT_0057600,30.0,30.0,1
UMAT_0057601,215.0,238.0,1
UMAT_0057602,30.0,30.0,1
UMAT_0057603,30.0,30.0,1
UMAT_0057604,30.0,30.0,1
UMAT_0057618,287.0,287.0,15
UMAT_0057623,224.0,224.0,8
UMAT_0057624,383.0,383.0,7
UMAT_0057627,73.0,73.0,9
UMAT_0057632,207.0,207.0,12
UMAT_0057644,32.0,32.0,1
UMAT_0057651,934.0,934.0,33
UMAT_0057654,59.0,59.0,3
UMAT_0057658,223.0,223.0,5
UMAT_0057659,250.0,250.0,12
UMAT_0057661,25.0,25.0,5
UMAT_0057662,25.0,25.0,5
UMAT_0057663,20.0,20.0,4
UMAT_0057664,20.0,20.0,4
UMAT_0057665,25.0,25.0,5
UMAT_0057666,20.0,20.0,4
UMAT_0057667,20.0,20.0,4
UMAT_0057668,20.0,20.0,4
UMAT_0057669,25.0,25.0,4
UMAT_0057670,20.0,20.0,4
UMAT_0057671,20.0,20.0,4
UMAT_0057674,247.0,247.0,8
UMAT_0057676,159.0,159.0,4
UMAT_0057677,30.0,30.0,2
UMAT_0057678,30.0,30.0,2
UMAT_0057679,30.0,30.0,2
UMAT_0057684,40.0,40.0,4
UMAT_0057685,45.0,45.0,5
UMAT_0057686,48.0,48.0,6
UMAT_0057688,364.0,364.0,8
UMAT_0057698,303.0,303.0,11
UMAT_0057700,430.0,430.0,11
UMAT_0057705,78.0,78.0,4
UMAT_0057706,520.0,520.0,13
UMAT_0057712,202.0,202.0,5
UMAT_0057713,282.0,282.0,5
UMAT_0057715,395.0,395.0,13
UMAT_0057721,287.0,287.0,10
UMAT_0057722,362.0,362.0,12
UMAT_0057726,95.0,95.0,7
UMAT_0057727,42.0,42.0,6
UMAT_0057728,42.0,42.0,3
UMAT_0057729,55.0,55.0,3
UMAT_0057730,40.0,40.0,2
UMAT_0057731,49.0,49.0,2
UMAT_0057736,282.0,282.0,9
UMAT_0057737,444.0,444.0,3
UMAT_0057739,300.0,300.0,8
UMAT_0057740,58.0,58.0,3
UMAT_0057741,281.0,281.0,2
UMAT_0057742,58.0,58.0,3
UMAT_0057746,224.0,224.0,6
UMAT_0057749,20.0,20.0,2
UMAT_0057750,15.0,14.8,2
UMAT_0057751,218.0,218.0,9
UMAT_0057752,325.0,325.0,8
UMAT_0057753,258.0,258.0,8
UMAT_0057754,746.0,746.0,16
UMAT_0057777,105.0,105.0,6
UMAT_0057813,386.0,386.0,21
UMAT_0057814,305.0,305.0,7
UMAT_0057815,183.0,183.0,7
UMAT_0057816,303.0,303.0,6
UMAT_0057818,305.0,305.0,7
UMAT_0057822,103.0,103.0,3
UMAT_0057831,260.0,260.0,5
UMAT_0057833,14.0,14.0,1
UMAT_0057834,19.0,19.0,2
UMAT_0057835,16.0,16.0,2
UMAT_0057836,10.0,10.0,1
UMAT_0057839,118.0,118.0,6
UMAT_0057840,126.0,126.0,4
UMAT_0057858,202.0,202.0,6
UMAT_0057861,103.0,103.0,5
UMAT_0057867,90.0,90.0,5
UMAT_0057870,10.0,10.0,1
UMAT_0057871,10.0,10.0,1
UMAT_0057872,10.0,10.0,1
UMAT_0057873,15.0,15.0,2
UMAT_0057874,15.0,15.0,2
UMAT_0057875,15.0,15.0,2
UMAT_0057876,15.0,15.0,2
UMAT_0057877,5.0,5.0,1
UMAT_0057878,5.0,5.0,1
UMAT_0057879,5.0,5.0,1
UMAT_0057880,5.0,5.0,1
UMAT_0057881,5.0,5.0,1
UMAT_0057882,5.0,5.0,1
UMAT_0057883,6.0,6.0,2
UMAT_0057884,6.0,6.0,2
UMAT_0057885,6.0,6.0,2
UMAT_0057886,6.0,6.0,2
UMAT_0057887,6.0,6.0,2
UMAT_0057888,6.0,6.0,2
UMAT_0057889,6.0,6.0,2
UMAT_0057890,6.0,6.0,2
UMAT_0057891,6.0,6.0,2
UMAT_0057892,6.0,6.0,2
UMAT_0057893,5.0,5.0,1
UMAT_0057894,5.0,5.0,1
UMAT_0057895,5.0,5.0,1
UMAT_0057896,5.0,5.0,1
UMAT_0057897,5.0,5.0,1
UMAT_0057898,5.0,5.0,1
UMAT_0057899,5.0,5.0,1
UMAT_0057900,10.0,10.0,1
UMAT_0057901,10.0,10.0,1
UMAT_0057902,5.0,5.0,1
UMAT_0057903,30.0,30.0,1
UMAT_0057904,50.0,50.0,2
UMAT_0057905,50.0,50.0,2
UMAT_0057906,5.0,5.0,1
UMAT_0057907,5.0,5.0,1
UMAT_0057908,5.0,5.0,1
UMAT_0057909,10.0,10.0,1
UMAT_0057910,10.0,10.0,1
UMAT_0057911,10.0,10.0,1
UMAT_0057912,10.0,10.0,1
UMAT_0057913,10.0,10.0,1
UMAT_0057914,10.0,10.0,1
UMAT_0057915,10.0,10.0,1
UMAT_0057916,260.0,260.0,4
UMAT_0057920,178.0,178.0,3
UMAT_0057921,304.0,304.0,7
UMAT_0057922,78.0,78.0,4
UMAT_0057927,253.0,253.0,9
UMAT_0057931,395.0,395.0,5
UMAT_0057948,25.0,25.0,1
UMAT_0057949,35.0,30.0,1
UMAT_0057950,30.0,30.0,1
UMAT_0057951,30.0,30.0,1
UMAT_0057952,35.0,35.0,1
UMAT_0057953,30.0,30.0,1
UMAT_0057954,30.0,30.0,1
UMAT_0057955,35.0,30.0,1
UMAT_0057956,30.0,30.0,1
UMAT_0057957,30.0,30.0,1
UMAT_0057958,29.0,29.0,1
UMAT_0057959,30.0,30.0,1
UMAT_0057960,30.0,30.0,1
UMAT_0057961,30.0,30.0,1
UMAT_0057981,304.0,304.0,13
UMAT_0057982,20.0,20.0,4
UMAT_0057983,10.0,10.0,4
UMAT_0057984,15.0,15.0,4
UMAT_0057985,20.0,20.0,4
UMAT_0057986,20.0,20.0,4
UMAT_0057987,10.0,10.0,4
UMAT_0057988,18.0,17.5,4
UMAT_0057989,20.0,20.0,4
UMAT_0057990,20.0,20.0,4
UMAT_0057991,20.0,20.0,4
UMAT_0057992,10.0,10.0,4
UMAT_0057993,20.0,20.0,4
UMAT_0057994,20.0,20.0,4
UMAT_0057995,10.0,10.0,4
UMAT_0057996,10.0,10.0,4
UMAT_0057997,10.0,10.0,4
UMAT_0057998,10.0,10.0,4
UMAT_0058008,321.0,321.0,10
UMAT_0058009,,110.0,1
UMAT_0058010,50.0,50.0,2
UMAT_0058011,40.0,40.0,2
UMAT_0058012,40.0,40.0,2
UMAT_0058013,40.0,40.0,2
UMAT_0058014,40.0,40.0,2
UMAT_0058015,325.0,487.0,20
UMAT_0058016,78.0,78.0,3
UMAT_0058035,220.0,220.0,9
UMAT_0058040,525.0,525.0,21
UMAT_0058052,500.0,500.0,18
UMAT_0058055,242.0,242.0,6
UMAT_0058100,100.0,100.0,3
UMAT_0058101,98.0,98.0,3
UMAT_0058105,472.0,472.0,25
UMAT_0058106,154.0,154.0,4
UMAT_0058108,117.0,117.0,5
UMAT_0058111,,325.0,1
UMAT_0058115,103.0,103.0,10
UMAT_0058116,58.0,58.0,5
UMAT_0058117,59.0,59.0,4
UMAT_0058128,119.0,120.0,9
UMAT_0058129,74.0,74.0,6
UMAT_0058130,766.0,766.0,10
UMAT_0058131,25.0,25.0,1
UMAT_0058132,25.0,25.0,1
UMAT_0058133,25.0,25.0,1
UMAT_0058134,25.0,25.0,1
UMAT_0058135,25.0,25.0,1
UMAT_0058136,25.0,25.0,1
UMAT_0058137,25.0,25.0,1
UMAT_0058138,25.0,25.0,1
UMAT_0058139,25.0,25.0,1
UMAT_0058141,94.0,94.0,8
UMAT_0058144,280.0,280.0,6
UMAT_0058145,58.0,58.0,4
UMAT_0058146,100.0,100.0,7
UMAT_0058149,300.0,300.0,13
UMAT_0058150,487.0,487.0,20
UMAT_0058152,118.0,118.0,4
UMAT_0058156,323.0,323.0,5
UMAT_0058158,287.0,287.0,2
UMAT_0058159,265.0,265.0,5
UMAT_0058160,385.0,385.0,5
UMAT_0058163,30.0,30.0,2
UMAT_0058164,30.0,30.0,2
UMAT_0058165,30.0,30.0,2
UMAT_0058166,,54.0,1
UMAT_0058167,322.0,322.0,7
UMAT_0058168,287.0,287.0,4
UMAT_0058170,256.0,256.0,2
UMAT_0058172,247.0,247.0,11
UMAT_0058173,259.0,259.0,9
UMAT_0058174,0.0,175.0,1
UMAT_0058178,167.0,167.0,7
UMAT_0058179,265.0,265.0,5
UMAT_0058190,138.0,138.0,6
UMAT_0058191,398.0,398.0,7
UMAT_0058193,182.0,182.0,5
UMAT_0058197,808.0,808.0,28
UMAT_0058201,238.0,238.0,11
UMAT_0058202,298.0,298.0,12
UMAT_0058203,38.0,38.0,1
UMAT_0058206,218.0,218.0,8
UMAT_0058208,182.0,182.0,7
UMAT_0058210,178.0,178.0,3
UMAT_0058213,81.0,81.0,4
UMAT_0058214,380.0,380.0,2
UMAT_0058219,60.0,60.0,6
UMAT_0058221,15.0,8.0,1
UMAT_0058222,8.0,8.0,1
UMAT_0058223,307.0,307.0,5
UMAT_0058225,,560.0,4
UMAT_0058226,203.0,203.0,7
UMAT_0058227,246.0,246.0,6
UMAT_0058231,220.0,220.0,9
UMAT_0058232,59.0,59.0,9
UMAT_0058239,607.0,607.0,19
UMAT_0058246,248.0,248.0,6
UMAT_0058257,67.0,67.0,6
UMAT_0058274,340.0,340.0,5
UMAT_0058282,,185.0,1
UMAT_0058285,118.0,118.0,3
UMAT_0058287,207.0,207.0,8
UMAT_0058288,178.0,178.0,4
UMAT_0058293,118.0,118.0,4
UMAT_0058295,247.0,247.0,10
UMAT_0058296,0.0,30.0,1
UMAT_0058298,100.0,100.0,3
UMAT_0058300,363.0,363.0,3
UMAT_0058301,267.0,267.0,3
UMAT_0058305,460.0,460.0,4
UMAT_0058311,549.0,549.0,21
UMAT_0058313,322.0,322.0,2
UMAT_0058318,87.0,87.0,6
UMAT_0058319,239.0,239.0,10
UMAT_0058324,297.0,297.0,7
UMAT_0058328,558.0,558.0,16
UMAT_0058335,470.0,538.0,17
UMAT_0058352,88.0,88.0,6
UMAT_0058358,620.0,620.0,23
UMAT_0058362,318.0,318.0,8
UMAT_0058363,,104.0,1
UMAT_0058366,167.0,167.0,5
UMAT_0058367,547.0,547.0,10
UMAT_0058374,50.0,50.0,1
UMAT_0058375,55.0,55.0,1
UMAT_0058376,45.0,45.0,1
UMAT_0058377,49.0,49.0,1
UMAT_0058378,95.0,95.0,1
UMAT_0058379,42.0,42.0,1
UMAT_0058380,42.0,42.0,1
UMAT_0058393,348.0,348.0,9
UMAT_0058399,315.0,346.0,14
UMAT_0058400,802.0,802.0,18
UMAT_0058405,169.0,169.0,6
UMAT_0058406,227.0,227.0,10
UMAT_0058407,50.0,50.0,4
UMAT_0058414,245.0,245.0,11
UMAT_0058419,200.0,200.0,10
UMAT_0058444,267.0,267.0,13
UMAT_0058446,221.0,221.0,10
UMAT_0058455,58.0,58.0,5
UMAT_0058467,98.0,98.0,4
UMAT_0058471,256.0,260.0,2
UMAT_0058472,338.0,338.0,7
UMAT_0058482,305.0,305.0,3
UMAT_0058489,78.0,78.0,5
UMAT_0058494,247.0,247.0,8
UMAT_0058503,268.0,268.0,8
UMAT_0058504,218.0,218.0,7
UMAT_0058508,198.0,198.0,5
UMAT_0058516,400.0,400.0,4
UMAT_0058517,30.0,30.0,2
UMAT_0058518,22.0,22.0,2
UMAT_0058519,20.0,20.0,2
UMAT_0058522,425.0,425.0,12
UMAT_0058534,118.0,118.0,7
UMAT_0058537,200.0,200.0,7
UMAT_0058538,200.0,200.0,7
UMAT_0058539,200.0,200.0,7
UMAT_0058546,750.0,750.0,15
UMAT_0058551,127.0,127.0,10
UMAT_0058552,10.0,10.0,4
UMAT_0058553,20.0,20.0,4
UMAT_0058554,11.0,11.0,4
UMAT_0058555,40.0,40.0,1
UMAT_0058556,40.0,40.0,1
UMAT_0058557,40.0,40.0,1
UMAT_0058559,35.0,35.0,2
UMAT_0058560,35.0,35.0,2
UMAT_0058561,35.0,35.0,3
UMAT_0058562,35.0,35.0,3
UMAT_0058563,20.0,20.0,3
UMAT_0058564,20.0,20.0,1
UMAT_0058565,20.0,20.0,1
UMAT_0058566,20.0,20.0,1
UMAT_0058568,178.0,178.0,9
UMAT_0058569,327.0,327.0,14
UMAT_0058570,247.0,247.0,21
UMAT_0058573,20.0,20.0,3
UMAT_0058574,20.0,20.0,3
UMAT_0058575,20.0,20.0,3
UMAT_0058576,22.0,21.5,3
UMAT_0058577,22.0,21.5,3
UMAT_0058589,118.0,118.0,3
UMAT_0058597,180.0,180.0,11
UMAT_0058619,225.0,225.0,5
UMAT_0058621,225.0,225.0,6
UMAT_0058622,8.0,8.0,3
UMAT_0058623,10.0,10.0,2
UMAT_0058624,10.0,10.0,2
UMAT_0058625,118.0,118.0,4
UMAT_0058626,281.0,281.0,4
UMAT_0058627,20.0,20.0,3
UMAT_0058629,269.0,269.0,15
UMAT_0058630,488.0,488.0,27
UMAT_0058631,20.0,20.0,3
UMAT_0058632,20.0,20.0,3
UMAT_0058633,35.0,35.0,3
UMAT_0058634,35.0,35.0,3
UMAT_0058635,75.0,75.0,3
UMAT_0058636,60.0,60.0,4
UMAT_0058637,50.0,50.0,3
UMAT_0058641,176.0,176.0,5
UMAT_0058642,200.0,192.0,6
UMAT_0058644,200.0,200.0,7
UMAT_0058645,200.0,190.0,4
UMAT_0058646,200.0,191.0,5
UMAT_0058656,99.0,99.0,6
UMAT_0058666,88.0,88.0,4
UMAT_0058673,478.0,478.0,10
UMAT_0058674,688.0,688.0,27
UMAT_0058675,727.0,727.0,25
UMAT_0058676,649.0,649.0,24
UMAT_0058678,320.0,320.0,6
UMAT_0058681,545.0,545.0,29
UMAT_0058706,15.0,15.0,3
UMAT_0058707,15.0,15.0,3
UMAT_0058708,15.0,15.0,3
UMAT_0058709,15.0,15.0,3
UMAT_0058710,15.0,15.0,3
UMAT_0058711,15.0,15.0,3
UMAT_0058712,15.0,15.0,3
UMAT_0058715,25.0,25.0,2
UMAT_0058716,25.0,25.0,2
UMAT_0058717,21.0,20.5,2
UMAT_0058718,24.0,23.5,2
UMAT_0058719,25.0,25.0,2
UMAT_0058720,18.0,18.0,2
UMAT_0058721,25.0,25.0,2
UMAT_0058722,25.0,25.0,2
UMAT_0058723,25.0,25.0,2
UMAT_0058724,25.0,25.0,2
UMAT_0058725,25.0,25.0,2
UMAT_0058726,20.0,20.0,2
UMAT_0058727,25.0,25.0,2
UMAT_0058728,25.0,25.0,2
UMAT_0058731,45.0,45.0,2
UMAT_0058762,50.0,50.0,3
UMAT_0058763,40.0,40.0,2
UMAT_0058766,246.0,246.0,6
UMAT_0058768,206.0,206.0,5
UMAT_0058770,366.0,366.0,15
UMAT_0058774,127.0,127.0,6
UMAT_0058775,179.0,179.0,7
UMAT_0058780,15.0,15.0,2
UMAT_0058781,20.0,20.0,2
UMAT_0058782,15.0,15.0,2
UMAT_0058783,15.0,15.0,2
UMAT_0058784,15.0,15.0,2
UMAT_0058785,15.0,15.0,2
UMAT_0058786,15.0,15.0,2
UMAT_0058787,15.0,15.0,2
UMAT_0058788,20.0,20.0,2
UMAT_0058789,15.0,15.0,2
UMAT_0058790,15.0,15.0,2
UMAT_0058791,15.0,15.0,2
UMAT_0058792,15.0,15.0,2
UMAT_0058793,20.0,20.0,2
UMAT_0058794,15.0,15.0,2
UMAT_0058795,15.0,15.0,2
UMAT_0058796,15.0,15.0,2
UMAT_0058797,15.0,15.0,2
UMAT_0058798,15.0,15.0,2
UMAT_0058799,15.0,15.0,2
UMAT_0058800,20.0,20.0,2
UMAT_0058802,0.0,23.0,1
UMAT_0058804,122.0,122.0,9
UMAT_0058805,25.0,25.0,1
UMAT_0058806,25.0,25.0,1
UMAT_0058807,25.0,25.0,1
UMAT_0058808,25.0,25.0,1
UMAT_0058809,25.0,25.0,1
UMAT_0058810,25.0,25.0,1
UMAT_0058811,25.0,25.0,1
UMAT_0058812,50.0,50.0,3
UMAT_0058813,25.0,25.0,1
UMAT_0058814,25.0,25.0,1
UMAT_0058815,25.0,25.0,1
UMAT_0058816,25.0,25.0,1
UMAT_0058817,25.0,25.0,1
UMAT_0058818,25.0,25.0,1
UMAT_0058819,50.0,50.0,2
UMAT_0058820,25.0,25.0,1
UMAT_0058821,25.0,25.0,1
UMAT_0058822,25.0,25.0,1
UMAT_0058823,25.0,25.0,1
UMAT_0058824,25.0,25.0,1
UMAT_0058825,25.0,25.0,1
UMAT_0058826,25.0,25.0,1
UMAT_0058827,25.0,25.0,1
UMAT_0058828,25.0,25.0,1
UMAT_0058829,25.0,25.0,1
UMAT_0058830,25.0,25.0,1
UMAT_0058831,25.0,25.0,1
UMAT_0058832,25.0,25.0,1
UMAT_0058833,25.0,25.0,1
UMAT_0058834,25.0,25.0,1
UMAT_0058835,25.0,25.0,1
UMAT_0058836,50.0,50.0,2
UMAT_0058837,25.0,25.0,1
UMAT_0058838,25.0,25.0,1
UMAT_0058839,25.0,25.0,1
UMAT_0058840,25.0,25.0,1
UMAT_0058841,25.0,25.0,1
UMAT_0058844,241.0,241.0,4
UMAT_0058847,178.0,178.0,6
UMAT_0058852,226.0,226.0,5
UMAT_0058853,241.0,241.0,7
UMAT_0058867,368.0,368.0,18
UMAT_0058886,51.0,51.0,3
UMAT_0058887,60.0,60.0,3
UMAT_0058888,28.0,28.0,2
UMAT_0058889,21.0,21.0,4
UMAT_0058890,35.0,5.0,1
UMAT_0058891,20.0,20.0,3
UMAT_0058892,26.0,26.0,2
UMAT_0058893,24.0,23.5,2
UMAT_0058894,40.0,40.0,2
UMAT_0058895,40.0,40.0,1
UMAT_0058896,16.0,16.0,3
UMAT_0058897,32.0,32.0,2
UMAT_0058898,60.0,60.0,5
UMAT_0058902,,38.0,1
UMAT_0058906,386.0,386.0,6
UMAT_0058907,268.0,268.0,16
UMAT_0058915,702.0,702.0,28
UMAT_0058916,228.0,228.0,10
UMAT_0058917,25.0,25.0,2
UMAT_0058918,25.0,25.0,2
UMAT_0058919,25.0,25.0,2
UMAT_0058920,18.0,18.0,2
UMAT_0058921,18.0,18.0,2
UMAT_0058922,18.0,25.0,1
UMAT_0058923,25.0,25.0,1
UMAT_0058924,25.0,25.0,1
UMAT_0058925,25.0,25.0,1
UMAT_0058926,25.0,25.0,2
UMAT_0058927,25.0,25.0,2
UMAT_0058928,25.0,25.0,2
UMAT_0058929,25.0,25.0,2
UMAT_0058930,23.0,22.5,2
UMAT_0058931,20.0,20.0,2
UMAT_0058932,25.0,25.0,1
UMAT_0058933,25.0,25.0,2
UMAT_0058934,25.0,25.0,2
UMAT_0058935,24.0,24.0,2
UMAT_0058936,25.0,25.0,2
UMAT_0058937,20.0,20.0,2
UMAT_0058938,25.0,25.0,2
UMAT_0058939,25.0,25.0,2
UMAT_0058940,25.0,25.0,2
UMAT_0058941,22.0,22.0,2
UMAT_0058942,24.0,24.0,3
UMAT_0058943,25.0,25.0,2
UMAT_0058944,25.0,25.0,2
UMAT_0058945,25.0,25.0,2
UMAT_0058946,25.0,25.0,2
UMAT_0058947,25.0,25.0,2
UMAT_0058948,21.0,21.0,2
UMAT_0058949,307.0,301.0,14
UMAT_0058950,307.0,307.0,14
UMAT_0058951,35.0,35.0,4
UMAT_0058952,35.0,35.0,4
UMAT_0058953,35.0,35.0,4
UMAT_0058954,38.0,37.5,2
UMAT_0058955,50.0,50.0,2
UMAT_0058956,35.0,35.0,2
UMAT_0058957,20.0,20.0,1
UMAT_0058958,30.0,30.0,2
UMAT_0058959,35.0,30.0,2
UMAT_0058960,45.0,45.0,2
UMAT_0058961,40.0,40.0,2
UMAT_0058962,20.0,20.0,1
UMAT_0058963,20.0,20.0,1
UMAT_0058964,25.0,20.0,1
UMAT_0058965,65.0,65.0,2
UMAT_0058966,25.0,25.0,1
UMAT_0058967,75.0,75.0,3
UMAT_0058968,75.0,75.0,3
UMAT_0058976,286.0,286.0,8
UMAT_0058987,586.0,586.0,11
UMAT_0058988,535.0,535.0,11
UMAT_0058989,118.0,118.0,4
UMAT_0058993,730.0,730.0,25
UMAT_0058999,250.0,250.0,5
UMAT_0059001,221.0,221.0,6
UMAT_0059003,,16.0,1
UMAT_0059008,28.0,28.0,3
UMAT_0059009,28.0,28.0,3
UMAT_0059010,28.0,28.0,3
UMAT_0059011,28.0,28.0,3
UMAT_0059015,210.0,210.0,6
UMAT_0059016,178.0,178.0,3
UMAT_0059018,203.0,203.0,7
UMAT_0059019,15.0,15.0,3
UMAT_0059020,15.0,15.0,3
UMAT_0059021,160.0,160.0,7
UMAT_0059022,221.0,221.0,6
UMAT_0059023,100.0,100.0,1
UMAT_0059024,140.0,140.0,3
UMAT_0059025,140.0,140.0,2
UMAT_0059026,80.0,80.0,1
UMAT_0059027,80.0,80.0,1
UMAT_0059028,80.0,80.0,1
UMAT_0059029,28.0,28.0,1
UMAT_0059030,28.0,28.0,1
UMAT_0059031,28.0,28.0,1
UMAT_0059032,28.0,28.0,1
UMAT_0059033,15.0,15.0,1
UMAT_0059034,15.0,15.0,1
UMAT_0059037,95.0,95.0,2
UMAT_0059038,63.0,63.0,1
UMAT_0059039,90.0,90.0,2
UMAT_0059040,95.0,95.0,2
UMAT_0059043,201.0,201.0,6
UMAT_0059045,268.0,268.0,12
UMAT_0059046,241.0,241.0,5
UMAT_0059049,181.0,181.0,6
UMAT_0059052,281.0,281.0,9
UMAT_0059059,241.0,241.0,12
UMAT_0059064,245.0,245.0,14
UMAT_0059065,405.0,405.0,17
UMAT_0059066,247.0,247.0,13
UMAT_0059067,247.0,247.0,14
UMAT_0059068,725.0,725.0,21
UMAT_0059073,790.0,790.0,3
UMAT_0059078,300.0,300.0,2
UMAT_0059084,35.0,35.0,2
UMAT_0059085,22.0,22.0,2
UMAT_0059086,260.0,412.0,1
UMAT_0059098,,20.0,1
UMAT_0059100,381.0,381.0,10
UMAT_0059107,327.0,327.0,14
UMAT_0059108,286.0,286.0,11
UMAT_0059111,490.0,490.0,1
UMAT_0059112,276.0,276.0,8
UMAT_0059116,25.0,25.0,2
UMAT_0059117,293.0,301.0,18
UMAT_0059119,300.0,300.0,13
UMAT_0059120,300.0,300.0,11
UMAT_0059121,300.0,300.0,13
UMAT_0059122,300.0,300.0,15
UMAT_0059123,300.0,300.0,16
UMAT_0059124,300.0,300.0,12
UMAT_0059125,300.0,300.0,11
UMAT_0059126,300.0,300.0,9
UMAT_0059127,441.0,441.0,10
UMAT_0059132,100.0,100.0,4
UMAT_0059133,321.0,321.0,6
UMAT_0059138,291.0,291.0,13
UMAT_0059139,60.0,60.0,5
UMAT_0059140,259.0,259.0,16
UMAT_0059143,10.0,10.0,1
UMAT_0059144,10.0,10.0,1
UMAT_0059145,10.0,10.0,1
UMAT_0059153,138.0,138.0,7
UMAT_0059154,281.0,281.0,9
UMAT_0059159,421.0,421.0,11
UMAT_0059168,501.0,501.0,13
UMAT_0059170,304.0,304.0,11
UMAT_0059179,705.0,705.0,24
UMAT_0059181,80.0,80.0,4
UMAT_0059182,80.0,80.0,4
UMAT_0059183,80.0,80.0,3
UMAT_0059186,201.0,201.0,6
UMAT_0059187,205.0,205.0,6
UMAT_0059191,80.0,80.0,3
UMAT_0059194,30.0,30.0,2
UMAT_0059195,20.0,20.0,2
UMAT_0059197,80.0,80.0,2
UMAT_0059201,188.0,188.0,6
UMAT_0059202,687.0,687.0,25
UMAT_0059203,524.0,524.0,17
UMAT_0059208,184.0,184.0,5
UMAT_0059211,321.0,321.0,9
UMAT_0059214,284.0,284.0,10
UMAT_0059217,95.0,95.0,3
UMAT_0059221,161.0,161.0,5
UMAT_0059223,763.0,763.0,31
UMAT_0059224,305.0,305.0,1
UMAT_0059226,261.0,261.0,9
UMAT_0059234,136.0,136.0,5
UMAT_0059240,20.0,20.0,1
UMAT_0059246,486.0,486.0,28
UMAT_0059247,300.0,300.0,17
UMAT_0059248,300.0,300.0,15
UMAT_0059249,300.0,300.0,16
UMAT_0059250,300.0,300.0,15
UMAT_0059252,25.0,25.0,4
UMAT_0059260,401.0,401.0,11
UMAT_0059265,125.0,124.5,1
UMAT_0059270,0.0,206.0,1
UMAT_0059271,76.0,80.0,6
UMAT_0059274,465.0,470.0,19
UMAT_0059275,304.0,304.0,10
UMAT_0059281,262.0,262.0,7
UMAT_0059283,247.0,247.0,7
UMAT_0059284,267.0,267.0,8
UMAT_0059285,287.0,287.0,7
UMAT_0059302,50.0,50.0,2
UMAT_0059303,60.0,60.0,2
UMAT_0059304,65.0,65.0,2
UMAT_0059305,80.0,80.0,2
UMAT_0059306,120.0,120.0,2
UMAT_0059307,65.0,65.0,2
UMAT_0059308,65.0,65.0,3
UMAT_0059309,50.0,50.0,3
UMAT_0059311,35.0,35.0,3
UMAT_0059312,227.0,227.0,13
UMAT_0059313,300.0,300.0,11
UMAT_0059314,300.0,300.0,10
UMAT_0059315,300.0,300.0,9
UMAT_0059316,300.0,300.0,12
UMAT_0059319,50.0,50.0,3
UMAT_0059320,50.0,50.0,1
UMAT_0059321,50.0,50.0,2
UMAT_0059322,50.0,50.0,2
UMAT_0059323,50.0,50.0,3
UMAT_0059324,50.0,50.0,3
UMAT_0059325,45.0,45.0,2
UMAT_0059326,35.0,35.0,3
UMAT_0059327,35.0,35.0,2
UMAT_0059328,20.0,20.0,1
UMAT_0059329,50.0,50.0,2
UMAT_0059330,50.0,50.0,2
UMAT_0059331,50.0,50.0,3
UMAT_0059332,50.0,50.0,2
UMAT_0059333,37.0,37.0,1
UMAT_0059334,50.0,50.0,2
UMAT_0059335,40.0,40.0,2
UMAT_0059336,35.0,35.0,2
UMAT_0059337,36.0,36.0,1
UMAT_0059338,50.0,50.0,2
UMAT_0059339,27.0,27.0,2
UMAT_0059340,55.0,55.0,3
UMAT_0059341,33.0,33.0,2
UMAT_0059342,45.0,45.0,1
UMAT_0059343,35.0,35.0,1
UMAT_0059354,200.0,200.0,5
UMAT_0059376,340.0,340.0,8
UMAT_0059377,281.0,281.0,7
UMAT_0059382,60.0,60.0,3
UMAT_0059383,70.0,70.0,3
UMAT_0059384,166.0,166.0,7
UMAT_0059385,68.0,68.0,4
UMAT_0059386,71.0,71.0,4
UMAT_0059387,74.0,74.0,4
UMAT_0059388,65.0,65.0,2
UMAT_0059389,304.0,304.0,9
UMAT_0059391,381.0,381.0,13
UMAT_0059397,328.0,328.0,13
UMAT_0059398,245.0,245.0,13
UMAT_0059403,911.0,911.0,1
UMAT_0059407,10.0,10.0,1
UMAT_0059408,15.0,15.0,2
UMAT_0059409,10.0,10.0,1
UMAT_0059410,15.0,15.0,2
UMAT_0059411,20.0,20.0,3
UMAT_0059412,30.0,30.0,3
UMAT_0059413,10.0,10.0,1
UMAT_0059414,15.0,15.0,2
UMAT_0059415,20.0,20.0,3
UMAT_0059416,10.0,10.0,1
UMAT_0059417,15.0,15.0,2
UMAT_0059418,20.0,20.0,3
UMAT_0059419,30.0,30.0,3
UMAT_0059420,40.0,40.0,3
UMAT_0059421,22.0,22.0,3
UMAT_0059426,281.0,281.0,6
UMAT_0059430,1390.0,1390.0,41
UMAT_0059432,37.0,37.0,2
UMAT_0059433,40.0,40.0,2
UMAT_0059434,40.0,40.0,2
UMAT_0059435,40.0,40.0,2
UMAT_0059436,40.0,40.0,2
UMAT_0059437,40.0,40.0,2
UMAT_0059438,40.0,40.0,2
UMAT_0059439,40.0,40.0,2
UMAT_0059440,40.0,40.0,2
UMAT_0059441,40.0,40.0,2
UMAT_0059442,40.0,40.0,2
UMAT_0059443,40.0,40.0,2
UMAT_0059444,40.0,40.0,2
UMAT_0059445,40.0,40.0,2
UMAT_0059446,40.0,40.0,2
UMAT_0059447,40.0,40.0,2
UMAT_0059448,40.0,40.0,2
UMAT_0059449,40.0,40.0,2
UMAT_0059450,40.0,40.0,2
UMAT_0059451,40.0,40.0,2
UMAT_0059452,166.0,166.0,8
UMAT_0059453,282.0,282.0,8
UMAT_0059469,340.0,340.0,5
UMAT_0059470,254.0,254.0,7
UMAT_0059471,221.0,221.0,6
UMAT_0059474,80.0,80.0,2
UMAT_0059475,106.0,106.0,3
UMAT_0059476,149.0,150.0,4
UMAT_0059477,93.0,100.0,4
UMAT_0059478,138.0,139.0,4
UMAT_0059479,91.0,91.0,3
UMAT_0059480,19.0,19.0,2
UMAT_0059481,118.0,118.0,5
UMAT_0059482,260.0,260.0,8
UMAT_0059484,35.0,35.0,3
UMAT_0059486,140.0,140.0,3
UMAT_0059487,29.0,30.0,2
UMAT_0059488,95.0,95.0,2
UMAT_0059489,85.0,85.0,2
UMAT_0059490,85.0,85.0,2
UMAT_0059491,91.0,96.0,1
UMAT_0059492,401.0,401.0,12
UMAT_0059493,388.0,388.0,3
UMAT_0059496,247.0,247.0,13
UMAT_0059533,375.0,375.0,4
UMAT_0059536,16.0,16.0,1
UMAT_0059537,20.0,20.0,1
UMAT_0059538,16.0,16.0,1
UMAT_0059539,16.0,16.0,1
UMAT_0059540,25.0,25.0,1
UMAT_0059541,22.0,22.0,1
UMAT_0059542,17.0,17.0,1
UMAT_0059543,17.0,17.0,1
UMAT_0059544,17.0,17.0,1
UMAT_0059545,17.0,17.0,1
UMAT_0059546,17.0,17.0,1
UMAT_0059547,17.0,17.0,1
UMAT_0059548,10.0,10.0,1
UMAT_0059549,17.0,17.0,1
UMAT_0059550,17.0,17.0,1
UMAT_0059551,9.0,9.0,1
UMAT_0059552,17.0,17.0,1
UMAT_0059553,17.0,17.0,1
UMAT_0059554,17.0,17.0,1
UMAT_0059555,17.0,17.0,1
UMAT_0059556,25.0,20.0,1
UMAT_0059557,20.0,20.0,1
UMAT_0059558,20.0,20.0,1
UMAT_0059561,,11.0,1
UMAT_0059562,485.0,485.0,1
UMAT_0059568,341.0,341.0,17
UMAT_0059570,45.0,45.0,3
UMAT_0059571,30.0,30.0,3
UMAT_0059572,45.0,45.0,3
UMAT_0059573,45.0,45.0,3
UMAT_0059574,45.0,45.0,5
UMAT_0059575,75.0,75.0,5
UMAT_0059576,45.0,45.0,3
UMAT_0059577,75.0,75.0,5
UMAT_0059578,75.0,75.0,7
UMAT_0059579,45.0,45.0,6
UMAT_0059580,45.0,45.0,4
UMAT_0059581,45.0,45.0,4
UMAT_0059582,30.0,30.0,3
UMAT_0059583,45.0,45.0,2
UMAT_0059584,45.0,45.0,8
UMAT_0059585,45.0,45.0,3
UMAT_0059586,45.0,45.0,4
UMAT_0059587,45.0,45.0,3
UMAT_0059588,45.0,45.0,4
UMAT_0059589,45.0,45.0,3
UMAT_0059590,75.0,75.0,5
UMAT_0059591,75.0,75.0,5
UMAT_0059592,75.0,75.0,6
UMAT_0059593,75.0,75.0,7
UMAT_0059594,45.0,45.0,4
UMAT_0059595,45.0,45.0,6
UMAT_0059596,30.0,30.0,7
UMAT_0059598,0.0,13.0,1
UMAT_0059599,68.0,78.0,4
UMAT_0059600,74.0,75.0,3
UMAT_0059601,30.0,30.0,1
UMAT_0059603,19.0,19.0,1
UMAT_0059604,567.0,567.0,38
UMAT_0059605,8.0,8.0,1
UMAT_0059606,8.0,8.0,1
UMAT_0059607,8.0,8.0,1
UMAT_0059608,10.0,10.0,1
UMAT_0059609,10.0,10.0,1
UMAT_0059610,12.0,12.0,1
UMAT_0059611,12.0,12.0,1
UMAT_0059612,14.0,14.0,1
UMAT_0059613,14.0,14.0,1
UMAT_0059614,10.0,10.0,1
UMAT_0059615,10.0,10.0,1
UMAT_0059616,8.0,8.0,1
UMAT_0059617,8.0,8.0,1
UMAT_0059618,7.0,7.0,1
UMAT_0059619,2.0,2.0,1
UMAT_0059620,2.0,2.0,1
UMAT_0059621,4.0,4.0,1
UMAT_0059622,5.0,5.0,1
UMAT_0059623,4.0,4.0,1
UMAT_0059624,5.0,5.0,1
UMAT_0059625,3.0,3.0,1
UMAT_0059626,3.0,3.0,1
UMAT_0059627,2.0,2.0,1
UMAT_0059628,2.0,2.0,1
UMAT_0059629,8.0,8.0,1
UMAT_0059630,6.0,6.0,1
UMAT_0059631,7.0,7.0,1
UMAT_0059632,7.0,7.0,1
UMAT_0059633,6.0,6.0,1
UMAT_0059634,8.0,8.0,1
UMAT_0059635,6.0,6.0,1
UMAT_0059636,5.0,5.0,1
UMAT_0059637,8.0,8.0,1
UMAT_0059638,8.0,8.0,1
UMAT_0059639,178.0,178.0,9
UMAT_0059641,282.0,282.0,10
UMAT_0059642,242.0,242.0,5
