well_number,wl_id,latitude,longitude
MORR_0000600,222908,45.753715,-119.549874
MORR_0051844,437418,45.832895,-119.769653
MORR_0051877,445084,45.87107607,-119.49759198
MORR_0051885,447931,45.7407,-119.446727
MORR_0051886,448073,45.78942,-119.48728
MORR_0051933,455254,45.758449,-119.54401
MORR_0052069,473334,45.83001,-119.74984
MORR_0052247,492206,45.82841,-119.77009
MORR_0052280,499910,45.82993,-119.65697
MORR_0052281,500106,45.82626512,-119.64640805
MORR_0052283,501100,45.82529,-119.79571
MORR_0052290,503736,45.83101,-119.65628
MORR_0052314,508291,45.733693,-119.57719
MORR_0052346,511020,45.69277,-119.48583
MORR_0052351,514482,45.732806,-119.559988
MORR_0052387,517114,45.7223,-119.8744
MORR_0052394,519442,45.7150553,-119.4552293
MORR_0052396,519444,45.7045544,-119.5064163
MORR_0052443,527240,45.83081,-119.65571
MORR_0052445,529335,45.82985072,-119.68772253
MORR_0052458,535285,45.87176,-119.49974
MORR_0052461,538007,45.90279478,-119.43471224
MORR_0052465,538778,45.81557477,-119.76227295
MORR_0052511,558333,45.82040949,-119.67503898
MORR_0052562,566760,45.78471255,-119.73774323
MORR_0052576,569932,45.88408,-119.49733
MORR_0052597,571924,45.68482647,-119.59862187
MORR_0052598,572837,45.89561983,-119.45026457
MORR_0052638,580309,45.815325,-119.812082
MORR_0052711,595884,45.8977941,-119.4655996
MORR_0052735,598397,45.815325,-119.812082
MORR_0052752,598810,45.61141812,-119.72378349
MORR_0052764,599841,45.852467,-119.664674
MORR_0052790,601137,45.61744435,-119.5339582
MORR_0052817,601563,45.852604,-119.664721
MORR_0052885,602463,45.8168622,-119.7087804
MORR_0052887,602573,45.61997322,-119.60229015
MORR_0052911,605554,45.8260894,-119.6675776
MORR_0052913,605601,45.721688,-119.448743
MORR_0052914,605602,45.719388,-119.436428
MORR_0052946,607267,45.8206817,-119.6265147
MORR_0052947,607268,45.8185439,-119.6273006
MORR_0052948,607269,45.8185692,-119.6257325
MORR_0052949,607270,45.819887,-119.6256369
MORR_0052955,608032,45.83023452,-119.75051975
MORR_0052970,609475,45.8343475,-119.5594021
MORR_0052971,609566,45.60933168,-119.53821754
MORR_0052979,611672,45.9005004,-119.4380955
MORR_0053019,614282,45.8235631,-119.687033
MORR_0053038,615938,45.6070494,-119.7566045
MORR_0053058,620635,45.8227598,-119.6891899
MORR_0053091,623331,45.61766325,-119.43872642
MORR_0053093,623703,45.8203511,-119.676216
MORR_0053098,624239,45.61044996,-119.4483099
MORR_0053106,624528,45.8627332,-119.6170881
MORR_0053107,624529,45.8638971,-119.6152742
MORR_0053108,624530,45.8627734,-119.6153155
MORR_0053109,624531,45.8638542,-119.6171028
MORR_0053212,627420,45.761527,-119.828654
MORR_0053219,627565,45.61853699,-119.45436294
MORR_0053222,627952,45.723777,-119.491329
MORR_0053249,630338,45.90056849,-119.4370837
MORR_0053253,630739,45.8739307,-119.4969254
UMAT_0000440,247541,45.68286084,-119.38395549
UMAT_0000443,253242,45.6825881,-119.39344818
UMAT_0000445,247543,45.6698498,-119.39445874
UMAT_0000449,254541,45.66823265,-119.38284534
UMAT_0000450,247545,45.67553605,-119.39331049
UMAT_0000462,254377,45.62243696,-119.40904217
UMAT_0000465,247549,45.62607639,-119.4330182
UMAT_0000471,254443,45.68242975,-119.30028575
UMAT_0001166,247997,45.70488247,-119.37712277
UMAT_0001173,252614,45.76984392,-119.25054605
UMAT_0001184,248006,45.77571628,-119.37041975
UMAT_0001187,252924,45.75191912,-119.3369096
UMAT_0001205,248016,45.73920487,-119.36013652
UMAT_0001207,252577,45.72644998,-119.36239061
UMAT_0001220,252589,45.71149193,-119.32581556
UMAT_0001222,248023,45.71188218,-119.36237454
UMAT_0001543,248252,45.81003752,-119.42148463
UMAT_0001544,248253,45.8100309,-119.42527309
UMAT_0001558,252674,45.7937436,-119.388908
UMAT_0001581,252685,45.78493013,-119.3777598
UMAT_0001584,252688,45.79079346,-119.38833843
UMAT_0001997,248506,45.84250484,-119.32133447
UMAT_0002005,248508,45.83718331,-119.32919325
UMAT_0002041,253742,45.83858582,-119.30744911
UMAT_0002045,248530,45.84652517,-119.3016067
UMAT_0002388,248701,45.809986,-119.355373
UMAT_0002476,253875,45.81095778,-119.32586617
UMAT_0002489,248748,45.81352289,-119.32137414
UMAT_0002528,248770,45.81303958,-119.25904868
UMAT_0002603,248816,45.79252506,-119.35472779
UMAT_0002614,253858,45.78693591,-119.34025584
UMAT_0002624,253827,45.78455641,-119.32145141
UMAT_0003315,252353,45.90092988,-119.42170786
UMAT_0003343,249307,45.9284385,-119.27972905
UMAT_0003399,252421,45.90090061,-119.29691607
UMAT_0003439,252457,45.88093153,-119.28908917
UMAT_0003446,252877,45.88796,-119.29944
UMAT_0003547,249432,45.87733458,-119.30471087
UMAT_0003598,253172,45.87255,-119.28887
UMAT_0005979,251075,45.85123076,-119.26675651
UMAT_0005980,251076,45.81184262,-119.33433479
UMAT_0005988,251084,45.87621613,-119.28157986
UMAT_0005991,251087,45.8189156,-119.31876447
UMAT_0006002,251098,45.87732306,-119.29428882
UMAT_0006010,251106,45.69494439,-119.27988398
UMAT_0006018,251113,45.8844293,-119.26295137
UMAT_0006029,251123,45.90627261,-119.40870517
UMAT_0006036,251130,45.79387484,-119.37034022
UMAT_0006045,251139,45.90985253,-119.3879006
UMAT_0006056,251149,45.90276911,-119.42951677
UMAT_0006084,253506,45.90271711,-119.41910629
UMAT_0006154,251165,45.9136896,-119.30487313
UMAT_0006221,251168,45.87369924,-119.28907183
UMAT_0006223,251170,45.88927581,-119.31687125
UMAT_0006225,251172,45.89331013,-119.24912979
UMAT_0006232,251179,45.83360121,-119.33440726
UMAT_0006235,251182,45.84270752,-119.34214011
UMAT_0006238,251185,45.84090973,-119.34475751
UMAT_0006241,251187,45.82239168,-119.29802974
UMAT_0006242,251188,45.80782172,-119.28766563
UMAT_0006243,251189,45.86655447,-119.33065152
UMAT_0006244,251190,45.87369924,-119.28907183
UMAT_0006246,251192,45.83798513,-119.33455796
UMAT_0006247,251193,45.83723149,-119.33439347
UMAT_0006250,251196,45.84270752,-119.34214011
UMAT_0006253,251199,45.84270752,-119.34214011
UMAT_0006255,251201,45.81303958,-119.25904868
UMAT_0006256,251202,45.84088611,-119.33955234
UMAT_0006291,251235,45.83573577,-119.33136083
UMAT_0006298,251242,45.85460023,-119.32250381
UMAT_0006309,251253,45.91002592,-119.31009448
UMAT_0006323,251267,45.81184262,-119.33433479
UMAT_0006328,251272,45.88169,-119.29308
UMAT_0006334,251278,45.79885918,-119.30060279
UMAT_0006350,251294,45.87733004,-119.29949671
UMAT_0006351,251295,45.8186411,-119.28249067
UMAT_0006352,251296,45.78253131,-119.29277583
UMAT_0006353,251297,45.85154698,-119.31866645
UMAT_0006356,251300,45.70208979,-119.2796694
UMAT_0006362,251306,45.80262065,-119.32659393
UMAT_0006371,251315,45.83654273,-119.33699553
UMAT_0006373,251317,45.9141634,-119.28576763
UMAT_0006394,251331,45.8366752,-119.26685371
UMAT_0006398,251335,45.69528268,-119.31328637
UMAT_0006407,251344,45.83732692,-119.33442014
UMAT_0006413,251350,45.83654996,-119.33116192
UMAT_0006414,251351,45.84250484,-119.32133447
UMAT_0006583,251420,45.87795308,-119.29354616
UMAT_0050009,251359,45.83303375,-119.26686185
UMAT_0050010,251360,45.8189156,-119.31876447
UMAT_0050070,251455,45.85152814,-119.26842586
UMAT_0050092,251475,45.83685726,-119.34082042
UMAT_0050095,251478,45.84391888,-119.26159587
UMAT_0050119,251606,45.83277556,-119.34923327
UMAT_0050128,251608,45.84024491,-119.25639976
UMAT_0050143,251620,45.83676899,-119.33587713
UMAT_0050160,251644,45.89901152,-119.27335346
UMAT_0050165,251639,45.85478755,-119.25627356
UMAT_0050190,251674,45.85483304,-119.26149396
UMAT_0050211,251691,45.86237062,-119.25617469
UMAT_0050229,251702,45.85487789,-119.26672122
UMAT_0050232,251697,45.82957884,-119.28770154
UMAT_0050244,251735,45.87375027,-119.31510424
UMAT_0050263,251741,45.84270752,-119.34214011
UMAT_0050363,251849,45.87014469,-119.32028053
UMAT_0050390,251854,45.81530044,-119.3187732
UMAT_0050461,251931,45.82589941,-119.28249552
UMAT_0050479,251949,45.87013097,-119.31508888
UMAT_0050480,251950,45.87013097,-119.31508888
UMAT_0050488,251966,45.87373251,-119.30990927
UMAT_0050489,251967,45.87013097,-119.31508888
UMAT_0050493,251945,45.87013097,-119.31508888
UMAT_0050494,251946,45.87013097,-119.31508888
UMAT_0050504,251971,45.8438767,-119.2563765
UMAT_0050505,251972,45.87013097,-119.31508888
UMAT_0050572,252034,45.84096536,-119.37023649
UMAT_0050587,252052,45.73864174,-119.28225654
UMAT_0050654,247215,45.81513648,-119.29803502
UMAT_0050664,252164,45.88306,-119.29409
UMAT_0053461,254783,45.79358467,-119.31879183
UMAT_0054408,312560,45.83734237,-119.37023871
UMAT_0054435,314323,45.82242183,-119.30319748
UMAT_0054445,314422,45.81991687,-119.32797287
UMAT_0054457,315411,45.83079063,-119.32158491
UMAT_0054467,316296,45.83734237,-119.37023871
UMAT_0054565,322350,45.83360121,-119.33440726
UMAT_0054692,325264,45.90985464,-119.39312345
UMAT_0054705,326103,45.83362926,-119.33961051
UMAT_0054714,326434,45.89547944,-119.32036242
UMAT_0054724,326716,45.80822192,-119.33432046
UMAT_0054855,334034,45.87011676,-119.30989654
UMAT_0054861,334041,45.833706,-119.320847
UMAT_0054863,334066,45.79600599,-119.41612051
UMAT_0054938,338475,45.78594,-119.25375
UMAT_0054965,338706,45.72900913,-119.24930758
UMAT_0054984,340126,45.83723149,-119.33439347
UMAT_0054994,340370,45.84750619,-119.25635367
UMAT_0054998,340380,45.88618005,-119.2813893
UMAT_0055007,341318,45.82784018,-119.30063711
UMAT_0055044,343039,45.87739947,-119.35163259
UMAT_0055079,343795,45.89912018,-119.3099771
UMAT_0055097,344497,45.84795766,-119.357552
UMAT_0055119,345897,45.82594896,-119.28770167
UMAT_0055133,346595,45.82598809,-119.29288315
UMAT_0055172,348960,45.90985253,-119.3879006
UMAT_0055193,349799,45.86647083,-119.29946647
UMAT_0055201,349982,45.80479,-119.301
UMAT_0055223,351554,45.87011676,-119.30989654
UMAT_0055243,352410,45.84090973,-119.34475751
UMAT_0055246,352413,45.83694444,-119.36666666
UMAT_0055247,352414,45.83694444,-119.36305555
UMAT_0055273,353473,45.82245266,-119.30838306
UMAT_0055338,358510,45.78485596,-119.32717229
UMAT_0055390,360165,45.81887067,-119.31357839
UMAT_0055392,360463,45.90985464,-119.39312345
UMAT_0055422,361546,45.8366752,-119.26685371
UMAT_0055443,363481,45.79561843,-119.41604901
UMAT_0055471,366062,45.85487789,-119.26672122
UMAT_0055476,366332,45.8407407,-119.32395592
UMAT_0055483,366338,45.83551,-119.33006
UMAT_0055499,367445,45.8845119,-119.27862751
UMAT_0055513,368415,45.78253131,-119.29277583
UMAT_0055553,370679,45.82684,-119.285
UMAT_0055579,371836,45.79023896,-119.39069042
UMAT_0055580,371878,45.65005952,-119.41197427
UMAT_0055659,375800,45.79015461,-119.35005002
UMAT_0055661,375921,45.90276911,-119.42951677
UMAT_0055670,376676,45.72405353,-119.26666602
UMAT_0055838,386786,45.89185947,-119.30990417
UMAT_0055898,393761,45.84746388,-119.2511327
UMAT_0055906,393777,45.82589941,-119.28249552
UMAT_0055916,393797,45.87011676,-119.30989654
UMAT_0055919,393800,45.82239168,-119.29802974
UMAT_0055920,393801,45.81842819,-119.25120269
UMAT_0055924,393888,45.83718331,-119.32919325
UMAT_0055937,395680,45.83718331,-119.32919325
UMAT_0055967,400006,45.82580009,-119.27206367
UMAT_0055970,400189,45.84746388,-119.2511327
UMAT_0055972,400252,45.87014469,-119.32028053
UMAT_0056024,405863,45.84088611,-119.33955234
UMAT_0056025,406738,45.81977914,-119.32589541
UMAT_0056048,409093,45.83664487,-119.26165014
UMAT_0056090,411059,45.84088611,-119.33955234
UMAT_0056101,411683,45.62607639,-119.4330182
UMAT_0056116,413103,45.83079063,-119.32158491
UMAT_0056120,413339,45.88823498,-119.31512305
UMAT_0056175,416786,45.78481066,-119.38290136
UMAT_0056176,416787,45.78481066,-119.38290136
UMAT_0056177,416789,45.91530442,-119.35933235
UMAT_0056213,418775,45.84196,-119.34139
UMAT_0056279,424495,45.89185593,-119.31512305
UMAT_0056280,424939,45.82594896,-119.28770167
UMAT_0056324,427548,45.82957884,-119.28770154
UMAT_0056400,429496,45.90625977,-119.37745298
UMAT_0056411,430150,45.872564,-119.28678
UMAT_0056452,432622,45.85843195,-119.25622719
UMAT_0056462,432755,45.87319904,-119.28842692
UMAT_0056469,433031,45.60316332,-119.41521236
UMAT_0056482,433675,45.84424137,-119.26404287
UMAT_0056548,437229,45.87610853,-119.29547258
UMAT_0056549,437417,45.82639374,-119.28770296
UMAT_0056612,438937,45.84324,-119.28902
UMAT_0056617,439419,45.830012,-119.352783
UMAT_0056619,439564,45.80473495,-119.29916309
UMAT_0056658,442039,45.88818757,-119.29427728
UMAT_0056684,444652,45.904875,-119.410275
UMAT_0056697,445250,45.83154679,-119.32251723
UMAT_0056771,447668,45.81693,-119.27962
UMAT_0056880,454056,45.8559,-119.2995
UMAT_0056881,454083,45.835403,-119.271799
UMAT_0056885,455208,45.828148,-119.286793
UMAT_0056891,455532,45.84746388,-119.2511327
UMAT_0056913,456547,45.819371,-119.255709
UMAT_0056924,457021,45.87370712,-119.29427763
UMAT_0056961,458872,45.91732399,-119.29440433
UMAT_0056994,461495,45.84015,-119.36227
UMAT_0056996,461743,45.84102,-119.25665
UMAT_0057034,463990,45.88607,-119.52966
UMAT_0057058,465024,45.80881,-119.28764
UMAT_0057115,468559,45.821,-119.36604
UMAT_0057117,469083,45.70994531,-119.37594746
UMAT_0057221,475549,45.89382,-119.26524
UMAT_0057225,475906,45.90874,-119.3995
UMAT_0057241,477263,45.84589183,-119.34692686
UMAT_0057294,481380,45.8700798,-119.29869453
UMAT_0057386,486090,45.87171,-119.31089
UMAT_0057390,486320,45.87181419,-119.30896195
UMAT_0057391,486385,45.8838,-119.29549
UMAT_0057392,486509,45.83892,-119.31879
UMAT_0057415,487758,45.85724675,-119.32123953
UMAT_0057422,487765,45.85724675,-119.32123953
UMAT_0057433,490660,45.79964,-119.37447
UMAT_0057444,492016,45.8268,-119.31184
UMAT_0057533,496900,45.88276,-119.31804
UMAT_0057534,496983,45.897202,-119.286114
UMAT_0057546,497200,45.84277902,-119.37259189
UMAT_0057566,498016,45.775388,-119.408605
UMAT_0057574,500333,45.83771,-119.3428
UMAT_0057576,500520,45.64989,-119.40817
UMAT_0057596,500819,45.83202,-119.33495
UMAT_0057618,503448,45.8889,-119.318735
UMAT_0057632,505184,45.867915,-119.30486
UMAT_0057651,507266,45.67598,-119.38095
UMAT_0057659,508398,45.84037,-119.35614
UMAT_0057698,513753,45.880782,-119.277313
UMAT_0057700,514133,45.898713,-119.323888
UMAT_0057706,516069,45.826019,-119.321651
UMAT_0057715,518659,45.79248,-119.3807
UMAT_0057721,519168,45.818793,-119.353708
UMAT_0057722,519170,45.825316,-119.309345
UMAT_0057754,521226,45.82039,-119.29676
UMAT_0057813,522010,45.787829,-119.378726
UMAT_0057981,532814,45.882786,-119.328152
UMAT_0058008,533393,45.868413,-119.301656
UMAT_0058015,533523,45.799542,-119.359354
UMAT_0058040,534500,45.824349,-119.317515
UMAT_0058052,534775,45.90735,-119.38706
UMAT_0058105,535974,45.832943,-119.333562
UMAT_0058115,537184,45.831572,-119.28733861
UMAT_0058130,538196,45.84425,-119.26412
UMAT_0058149,539107,45.89324,-119.28477
UMAT_0058150,539108,45.8213,-119.31844
UMAT_0058172,540046,45.840781,-119.353392
UMAT_0058197,542812,45.8438767,-119.2563765
UMAT_0058201,543318,45.869023,-119.314737
UMAT_0058202,543319,45.86986271,-119.31540139
UMAT_0058239,546773,45.71147,-119.35749
UMAT_0058295,552975,45.84142362,-119.36638169
UMAT_0058311,555694,45.85507183,-119.30309788
UMAT_0058319,556982,45.88461511,-119.31512293
UMAT_0058328,557811,45.83901003,-119.35222069
UMAT_0058335,558341,45.79001411,-119.32403005
UMAT_0058358,558937,45.8290639,-119.28262092
UMAT_0058367,559654,45.8189156,-119.31876447
UMAT_0058399,560876,45.7136763,-119.55218435
UMAT_0058400,560877,45.7136763,-119.55218435
UMAT_0058406,562031,45.88101057,-119.3203248
UMAT_0058414,562482,45.87373251,-119.30990927
UMAT_0058419,563845,45.80782172,-119.28766563
UMAT_0058444,564450,45.89185952,-119.32034239
UMAT_0058446,565007,45.88643736,-119.2892664
UMAT_0058522,569767,45.86895,-119.28687
UMAT_0058546,570657,45.83664487,-119.26165014
UMAT_0058551,570771,45.83305372,-119.34569718
UMAT_0058569,571241,45.8664522,-119.29425575
UMAT_0058570,571277,45.886375,-119.31747
UMAT_0058597,573096,45.813523,-119.331322
UMAT_0058629,574314,45.8897,-119.28624
UMAT_0058630,574351,45.83234,-119.33956
UMAT_0058673,578559,45.83718331,-119.32919325
UMAT_0058674,578579,45.82213,-119.30875
UMAT_0058675,578580,45.82109154,-119.30745843
UMAT_0058676,578581,45.8215925,-119.30521475
UMAT_0058681,579197,45.83601844,-119.31935089
UMAT_0058770,580756,45.87638535,-119.30395478
UMAT_0058867,593158,45.81014,-119.42627
UMAT_0058907,596870,45.8373242,-119.2648892
UMAT_0058915,596951,45.878854,-119.352179
UMAT_0058916,596952,45.850349,-119.275164
UMAT_0058949,597241,45.79970587,-119.36981717
UMAT_0058950,597242,45.799688,-119.3706286
UMAT_0058987,598651,45.89895817,-119.31273847
UMAT_0058988,598946,45.83636426,-119.3358449
UMAT_0058993,599100,45.793545,-119.314297
UMAT_0059045,601502,45.84105028,-119.3555408
UMAT_0059059,602010,45.87020025,-119.31730545
UMAT_0059064,602457,45.827317,-119.348258
UMAT_0059065,602458,45.8753752,-119.3109253
UMAT_0059066,602459,45.826397,-119.349243
UMAT_0059067,602460,45.825618,-119.348398
UMAT_0059068,602461,45.8215254,-119.3092811
UMAT_0059100,605217,45.87113777,-119.29729885
UMAT_0059107,605555,45.90581778,-119.40416965
UMAT_0059108,605556,45.86726,-119.2560714
UMAT_0059117,606006,45.896463,-119.305477
UMAT_0059119,607259,45.8916765,-119.3414602
UMAT_0059120,607260,45.8929097,-119.3414512
UMAT_0059121,607261,45.8074052,-119.2689313
UMAT_0059122,607262,45.8916856,-119.3433297
UMAT_0059123,607263,45.892861,-119.3432573
UMAT_0059124,607264,45.8065037,-119.2688864
UMAT_0059125,607265,45.806526,-119.2710281
UMAT_0059127,607275,45.84633487,-119.25190246
UMAT_0059138,608260,45.8790413,-119.2935989
UMAT_0059140,608263,45.8167136,-119.3216736
UMAT_0059159,608937,45.83309016,-119.28018636
UMAT_0059168,609850,45.8356149,-119.33557665
UMAT_0059170,609951,45.79732432,-119.35751473
UMAT_0059179,610496,45.8995032,-119.285566
UMAT_0059202,611673,45.8219928,-119.30931831
UMAT_0059203,611769,45.83969095,-119.34950576
UMAT_0059214,612738,45.875997,-119.2966077
UMAT_0059223,614281,45.6711083,-119.3865928
UMAT_0059246,615920,45.827408,-119.3214097
UMAT_0059247,616014,45.8036986,-119.37799761
UMAT_0059248,616015,45.8027212,-119.3816659
UMAT_0059249,616016,45.8026992,-119.3799838
UMAT_0059250,616017,45.80374,-119.3816632
UMAT_0059260,617058,45.82567134,-119.28501973
UMAT_0059274,617707,45.81338199,-119.26142042
UMAT_0059275,617711,45.86547211,-119.30123972
UMAT_0059312,619163,45.9088254,-119.4059952
UMAT_0059313,619166,45.8074603,-119.2814257
UMAT_0059314,619167,45.8062894,-119.281484
UMAT_0059316,619169,45.8063004,-119.2797071
UMAT_0059391,622691,45.81789357,-119.30913416
UMAT_0059397,623704,45.9091417,-119.4314088
UMAT_0059398,623705,45.8176476,-119.3272003
UMAT_0059430,625516,45.806549,-119.272796
UMAT_0059492,629154,45.86861551,-119.3095167
UMAT_0059496,629433,45.855002,-119.2636306
UMAT_0059568,630512,45.9218302,-119.3222214
UMAT_0059604,631239,45.8368687,-119.2664228
UMAT_0059641,631585,45.88475809,-119.28352366
